,num_doc,title,type,annee_publication,num_publication,texte,eissn
0,1,La fuite des cerveaux : le cas de l'ex-URSS,article,1992,1155,"La fuite des cerveaux : le cas de l'ex-URSS..., 1 '""exode inté¬ rieur"" ne cesse de s'accélérer. 2 Selskaia Jizn, 25 janvier 1992. 3. Trud, 30 janvier 1992. Les domaines particulièrement touchés par la fuite des cerveaux sont la physique des solides... peu de personnes et ne constitue pas un cas typique de fuite des cerveaux. Il semble clair que cette fuite est un problème complexe, qui ne peut être résolu par des mesures simples. Il est important... facile de parvenir à une véritable coopération inter¬ nationale en matière d'immigration en général que sur la question de la fuite des cerveaux. Il est vrai que certaines observations faites",2262-3353
1,2,"Croissance, redistribution et inégalités dans un modèle de fuite des cerveaux",article,1999,50-3,"Croissance, redistribution et inégalités dans un modèle de fuite des cerveaux Dans cet article, nous étudions dans un cadre analytique unifié l'effet global de la fuite des cerveaux... de fuite des cerveaux peut s'avérer favorable à la croissance et/ou à la réduction des inégalités selon l'ampleur de la redistribution et l'importance des mouvements migratoires. Nous endogénéisons ensuite...Croissance, redistribution et inégalités dans un modèle de fuite des cerveaux...Croissance redistribution et inégalités dans un modèle de fuite des cerveaux Frédéric Docquier Hillel Rapoport* CADRE Université Lille II et SES ministère de la région wallonne ** Department of... des plus qualifiés phénomène communément désigné sous le terme de fuite des cerveaux Dans un premier temps la position traditionnelle de Bhagwati et Hämada 1974] assimilant la fuite des cerveaux... soit élitistes soit progressistes où obtention de privilèges est conditionnée par appartenance un groupe spécifique Au total il apparaît que lorsque la fuite des cerveaux est le moteur de la croissance les",1950-6694
2,3,Que nous devons-nous les uns aux autres ? Le cas de la «fuite des cerveaux»,article,2008,106-4,"La fuite des cerveaux est-elle un phénomène individuellement légitime, mais socialement fâcheux ou bien enveloppe-t-elle une forme d’injustice à l’égard des populations qui en subissent les effets... ? Nous construisons un modèle simplifié de ce phénomène permettant de faire apparaître ce qu’il y a d’éthiquement problématique dans la fuite des cerveaux et quels types de remèdes pourraient y être apportés....Que nous devons-nous les uns aux autres ? Le cas de la «fuite des cerveaux»...Que nous devons-nous les uns aux autres? Le cas de la «fuite des cerveaux»1 Si la mondialisation économique contemporaine est d’intérêt phi¬ losophique, et pas seulement économique et politique... de la «fuite des cerveaux», sur lequel nous voudrions nous pencher ici, nous semble une assez bonne illustration de cette contribution involontaire de la mondialisa¬ tion économique au développement... et au raffinement de nos théories éthiques : la fuite des cerveaux engendre des dommages dont on ne peut d’emblée déterminer s’ils sont aussi des préjudices, ce qui nous oblige à préciser ou raffiner nos théories",1783-1768
3,4,Chorafas Dimitri N. — La fuite des cerveaux. Les U.S.A. à la conquête de nos savants,compte-rendu,1970,25-5,"Chorafas Dimitri N. — La fuite des cerveaux. Les U.S.A. à la conquête de nos savants...Chorafas Dimitri N. La fuite des cerveaux. Les U.S.A. à la conquête de nos savante. Traduit de l'anglais par Claude Herbette. [Paris], Fayard [1969], 22 cm, 189 p. Bien qu'il parle... de « nous, européens », c'est le point de vue américain que C. exprime dans son ouvrage. Après avoir mis en évidence l'importance de la fuite des « cerveaux » européens, spécialement de Grande-Bretagne et des pays..., le ralentissement de l'économie américaine et du recrutement organisé par certaines entreprises, semble avoir fortement abaissé le départ des « cerveaux » et favorisé plus de retours en Europe que les efforts",1957-7966
4,5,Au-delà de la « fuite des cerveaux » : la mobilité des personnes hautement qualifiées de l'ouest vers la Pologne,article,1997,13-1,"Au-delà de la « fuite des cerveaux » : la mobilité des personnes hautement qualifiées de l'ouest vers la Pologne... à la mobilité de personnes qualifiées et de cadres dirigeants vers l'Europe centrale et de l'est une qualité différente des processus historiques de fuite des cerveaux. La fuite des cerveaux : le départ...Revue Européenne des Migrations Internationales, 1997 (13) 1 pp. 71-92 71 Au-delà de la « fuite des cerveaux » : la mobilité des personnes hautement qualifiées de l'ouest vers la Pologne Félicitas... et orientale, s'intéressaient plus particulièrement aux scientifiques, chercheurs et autres experts. On parla alors de fuite des cerveaux. De fait, le potentiel scientifique polonais diminua d'un quart entre",1777-5418
5,6,"Migration des Africains diplômés. ""Brain drain"" ou ""brain gain"" des cerveaux ?",article,2008,1272,"La question de la ""fuite des cerveaux"" - ou brain drain - a été posée depuis de nombreuses années. Il était généralement admis que les Africains qualifiés manquaient cruellement à leurs pays.... Dans le même temps, on pouvait aussi parler de ""perte de cerveaux"" lorsque ces immigrés devenaient chauffeurs de taxi ou agents de sécurité dans leur pays de destination. Cependant la question du retour...Migration des Africains diplômés. ""Brain drain"" ou ""brain gain"" des cerveaux ?... n° 1272 127 La question de la fuite et de la circulation des cerveaux est posée depuis de nombreuses années mais, depuis une dizaine d'années, elle est devenue centrale dans les discussions sur les migrations... dans les pays d'immigration sont des facteurs clés pour ce qui est de l'importance de la migration et des secteurs où vont travailler les futurs migrants2'. Fuite des cerveaux africains aux États-Unis... raisons de venir aux Etats-Unis. Le fait que les Africains qui ont migré, en particulier aux Etats-Unis, tendent à avoir un haut niveau d'instruction alimente le débat sur la ""fuite des cerveaux",2262-3353
6,7,La ligne de fuite. L'idée d'Europe dans la culture politique française,article,1994,44,"Line of flight. The idea of Europe in French political culture, Nicolas Roussellier. Is French political culture closed to Europe, now conceived as an idea, a construction and also a future ? It is... tempting to answer affirmatively, since culturally the nation and its sovereignty are still dominant. But if one nevertheless wanted to nourish the discussion on Europe - and historians carry a heavy burden...La ligne de fuite. L'idée d'Europe dans la culture politique française... villes de Nantes et d'Amiens en 1990: Martine Chaudron, Charles Suaud, Yves Tertrais, • Les Français entre crainte et désir d'Europe ? », Esprit, 176, novembre 1991, p. 34-46. Le discours d'Europe tenu...LA LIGNE DE FUITE. L'IDÉE D'EUROPE DANS LA CULTURE POLITIQUE FRANÇAISE Nicolas Rous sellier La culture politique française serait- elle hermétique à l'Europe, entendue désormais à la fois comme... la discussion sur l'Europe - et les historiens ont une lourde responsabilité dans sa conduite -, faudra-t-il pour autant en venir à une remise en cause de notre culture politique? Il est difficile de proposer",1950-6678
7,8,L'exode des cerveaux,article,1972,23-1,"L'exode des cerveaux...L'EXODE DES CERVEAUX U, NE partie des « ingénieurs, scientifiques et techniciens qualifiés » participant aux migrations internationales ont comme occupation la Recherche et le Développement. Cette... part de 1' « exode des cerveaux » ne peut pas être analysée, dans ses causes et ses perspectives d'évolution, indépendamment des transferts internationaux de « nouveautés » scientifiques et techniques... la situation au niveau des faits et avoir montré que le comportement nationaliste des Etats est la cause première de 1' « exode des cerveaux ». L'EXODE DES CERVEAUX 55 Les faits A partir de données statistiques",1950-6694
8,9,Le jeu des 4 cerveaux,article,1987,72,"Timbal- Duclaux traite de façon approfondie des rapports entre ces 4 cerveaux et la création littéraire. Ici c'est un jeu — un jeu intellectuel — qu'il nous propose ; mais qui peut se révéler...Le jeu des 4 cerveaux...LE JEU DES 4 CERVEAUX par Louis Timbal-Duclaux I «9 I 1 1. G. Racle : « Langage, cerveau, histoire » in Communication et langages n° 59 ; « Pensée, comportements et localisations cérébrales », in... n° 62 ; « Communication graphique et fonctionnement cérébral », in n° 64. 2. Paris, Retz, 1986. Le jeu des 4 cerveaux 99 GRILLE DES DOMINANCES Grille des dominances L'INTELLIGIBLE mode gauche LES LOGIQU Quantitatif",1778-7459
9,10,Migration Sud-Nord et commerce : une revue de la littérature,article,2000,8-3,"des externalités fiscales induites par l'imposition du revenu et l'offre de services publics, et lorsque sont présentes des externalités induites par le capital humain (fuite des cerveaux) et le capital social....) Fuite des cerveaux La question des pertes subies par le Sud dans le cas d'une émigra¬ tion massive de la main-d'œuvre qualifiée (et en l'absence de transferts) a été examinée dans le contexte du problème... de «fuite des cerveaux » par Johnson (1965, 1967), Grubel et Scott (1966), Bhagwati et Hamada (1974), et Bhagwati et Rodriguez (1975). L'attention se concentre sur le 28 Maurice Schiff travail qualifié car... de la fuite des cerveaux dans les pays en déve¬ loppement ? Pour Stalker (1994), l'Afrique subsaharienne a été la plus grande victime du phénomène, perdant 30 % de sa main-d'œuvre haute¬ ment qualifiée entre",1782-1517
10,11,L'exode des cerveaux vers les États-Unis. Un cas latino-américain,article,1973,55,"L'exode des cerveaux vers les États-Unis. Un cas latino-américain...L'EXODE DES CERVEAUX VERS LES ÉTATS-UNIS : UN CAS LATINO-AMÉRICAIN « Analyse des fluctuations de l'émigration brute (juillet 1950 à juin 1970) par Enrique Oteiza* Le phénomène dit de la « fuite... précédents, j'ai analysé le problème de la « fuite des cerveaux » à partir des données existantes sur les migrations entre l'Argentine, pays d'origine, et les Etats-Unis, pays récepteur, ainsi qu'en termes... de la fuite des cerveaux, il faut donc tenir compte du fait qu'il s'agit de courants de ressources humaines, partie intégrante du système complexe des relations entre des pays inégaux sur le plan",1963-1359
11,12,"Mobilité et transferts de savoir : acteurs, réseaux, nouvelles stratégies (Mobility and transfer of knowledge actors, networks, new strategies)",article,2004,81-2,"Le «drainage des cerveaux» est devenu une question stratégique dans le contexte d'une mondialisation accrue et d'une économie fondée sur la connaissance. Sur la toile de fond que constitue la main... promue par les entreprises. La conclusion met en évidence la dimension culturelle de la «migration des cerveaux» et son impact sur la dynamique des territoires.... et l'importance de sa dimension culturelle. 1. Les Etats entre la fuite et l'attraction des cerveaux Le développement des industries de haute technologie a fait naître une demande croissante de matière grise... Meyer et Charum (1995), l'approche macroéconomique établit une analogie entre les flux internationaux de biens et de services (3) OCDE Observateur : Fuite des cerveaux : mythes anciens, réalités nouvelles... Report, Paris, p. 55. (6) OCDE Observateur : Fuite des cerveaux : mythes anciens, réalités nouvelles, 15 mars 2002. BAGF - GÉOGRAPHIES - 2004-2 166 S. DAVIET et les ressources intellectuelles. Elle suppose",2275-5195
12,13,Sur trois cerveaux d'orang,article,1879,2,"Sur trois cerveaux d'orang...P. BROC A. — SUR TROIS CERVEAUX d'ORANG. 607 Sur troU cerveaux d'orang ; PAR M. P. BROCA. M. Broca présente trois moules de cerveaux d'orang, qui viennent d'être ajoutés à la collection déjà si riche... que possède le musée de la Société. Il n'existe nulle part une collection de cerveaux aussi complète. Les trois nouveaux moules de cerveaux d'orang ont été exécutés par M. Chudzinski avec son habileté ordinaire.... Deux de ces cerveaux sont ceux des deux animaux qui viennent de mourir au Jardin d'acclimatation. Leur propriétaire n'a gardé que leur peau et leurs squelettes et M. Tramond nous a permis de prendre",1777-5469
13,14,Tendances récentes des migrations dans le Pacifique Sud,article,1994,2,", avec pour seul output la bureaucratie. La vie chère dans les îles gêne la production agricole et le développement d'un secteur secondaire, sans empêcher la fuite des cerveaux. ... d'éducation. C'est sans doute ce dernier point qui les handicapera le plus longtemps car il en résulte un professorat peu qualifié15. 6. La fuite des cerveaux La fuite des cerveaux est difficile à mesurer. Seul... professionnelle. Les migrants qualifiés doivent parfois prendre des emplois inférieurs à ceux qu'ils voudraient. Aussi on peut considérer comme par défaut notre estimation de la fuite des cerveaux de Tonga et Samoa... ou ne sont pas pourvus. La fuite des cerveaux nécessite aussi de recourir à des expatriés coûteux qui absorbent une partie de l'aide extérieure. Malgré cela, on lit dans le 7ème plan de développement de Samoa que, comme",2104-3752
14,15,"L'exode des cerveaux. Travaux de la Conférence de Lausanne, réunis par W. Adams et H. Rieben.",note bibliographique,1969,10-2,"L'exode des cerveaux. Travaux de la Conférence de Lausanne, réunis par W. Adams et H. Rieben....L'Exode des cerveaux. Travaux de la Conférence de Lausanne réunis par W. Adams et H. Rieben. Lausanne, Centre de Recherches Européennes, 1968, 310 p., graph., tabl., carte. 28 F. On sait que l'Europe... 1967 a été la première réunion d'experts non-gouvernementaux qui se soit consacrée à ce phénomène, appelé brain drain ou « exode des cerveaux ». Les seize contributions sont, pour la plupart, l'œuvre d'économistes... en termes de structures comparées de l'économie (et notamment de la recherche) aux Etats-Unis, en Europe et dans les pays du Tiers-Monde. Les chiffres cités sont éloquents. De 1956 à 1961, les pays d'Europe",1958-5691
15,16,"Henri Rieben. Des guerres européennes à l'union de Europe
Richard Hoggart et Douglas Johnson. An Idea of Europe",compte-rendu,1988,53-2,"Henri Rieben. Des guerres européennes à l'union de Europe
Richard Hoggart et Douglas Johnson. An Idea of Europe..., mais leur comportement graduellement se transformer ». Un des développements les plus passionnants de H. Rieben est consacré à l'Europe « gisement de matière grise », à la bataille des cerveaux dont l'Europe est l'objet... trouvent hors Europe, le « brain drain », cette fuite des talents, va continuer à féconder les autres continents. D'Angleterre, nous vient une réflexion sur l'idée de l'Europe. Si dès 1650, un quaker...Des guerres européennes à l'union de l'Europe Henri Rieben Fondation Jean Monnet pour l'Europe, Lausanne, 1987, 420 pages An Idea of Europe Richard Hoggart et Douglas Johnson Chatto and Windus",1958-8992
16,17,"Kuptsch, Christiane et Eng Fong Pang (dir.), Competing for Global Talent, Genève, iils/ilo, 2006, 275 p.",article,2007,0,"du Nord, l’Europe et l’Asie pour attirer les immigrants les plus diplômés. La facilitation juridique est importante mais souvent ne suffit plus. Dans ces conditions se pose, pour l’individu, le choix... Findlay souligne le changement d’orientation politique au Royaume-Uni d’un pays d’échanges de cerveaux ( brain exchange ) à un pays d’attraction ( brain gain ) dans une optique utilitariste. Findlay... ouverte et proactive s’il veut survivre dans la compétition internationale. L’auteur pense que l’usage de l’anglais dans la ville-État est un atout pour attirer les cerveaux. Kamibayashi examine les",1703-7891
17,18,La fuite des Helvètes en 70,article,1913,15-3,"La fuite des Helvètes en 70...LA FUITE DES HELVÈTES EN 70 Lettre à M. Viollier Paris, le iw février igi3. Mon cher Collègue, - Vous qui connaissez ce pays comme pas un, que pensez-vous de la fuite des Helvètes devant l'armée... obliquement, LA FUITE DES HELVÈTES EN 70 a83 de l'Aar à la Reuss, laissant en arrière un espace fortifié triangulaire et en contre-bas toute la terrasse de Windisch. Y avait-il là un oppidum gaulois Ρ Jusqu",2540-2544
18,19,Point de fuite,article,1999,0,Point de fuite...Point de fuite Couleurs passées sans trace de peinture enveloppe des mots oblitérés courtes phrases sans manteau sur un sujet gelé le point de fuite déjà perdu à l'horizon effacé un équilibre,1492-1405
19,20,La fuite d’eau,article,2008,0,"La fuite d’eau.... Dans un autre coin de la pièce commence une nouvelle fuite d’eau. Romulo se lève, prend une autre cuvette et la dépose à l’endroit où tombent les gouttes. Il relève le bras du vieux tourne-disque pendant... me brûlait et le puits n’avait pas de fond… Et je ne suis plus jamais retourné à la messe. Il va s’asseoir. D’autres fuites apparaissent. Les gouttes, en tombant, résonnent dans l’espace. Le son devient... assourdissant. Romulo sort d’autres cuvettes du coffre et les pose sous les fuites, mais il y en a chaque fois plus et malgré l’urgence, il n’arrive pas à les contrôler. Il court d’un côté puis de l’autre, tout",1708-9069
20,21,Esquisse d'une fuite,article,1986,13,Esquisse d'une fuite...ESQUISSE D'UNE FUITE Danielle Hawey L'heure indolente finit de dégorger les rumeurs diffuses de ses veines mutilées. Ne restent que les fumées grises et onduleuses qui s'élèvent le long,1710-0305
21,22,"Document : Esprits, cerveaux et programmes",article,1987,1,"Document : Esprits, cerveaux et programmes.... Il n'y a information dans le cas du chinois qu'aux yeux des programmeurs et des interprètes ; rien ne peut les empêcher de considérer les entrées et les sorties de mon estomac comme de rinformation, s'ils le désirent...D O C U M E N ESPRITS CERVEAUX ET PROGRAMMES* JOHN R. SEARLE TRADUIT PAR ERIC DUYCKAERTS Q uelle signification psychologique et philosophique faut-il attacher aux récents efforts de simulation... qui le rendrait capable de voir, des bras et des jambes pour ""agir"" et tout ceci serait contrôlé par son ""cerveau"" ordinateur. Un tel robot, à l'inverse de l'ordinateur 77 de Schank, aurait un entendement",2105-2956
22,23,Étude de quatre cerveaux de criminels,article,1923,4-4-6,"Étude de quatre cerveaux de criminels...Étude de quatre cerveaux de criminels, par M. Henri V. Vallois, Professeur à la Faculté de Médecine de Toulouse. J'ai eu l'occasion d'examiner, au cours de ces dernières années, quatre cerveaux... de criminels. J'en donnerai brièvement la description. I. P..., 21 ans, guillotiné pour meurtre, intelligent. Ce cerveau est remarquable par l'étendue et la complexité des circonvolutions. Hémisphère gauche... ascendantes périrolandiques au lieu de trois. En outre, la frontale moyenne est moins nettement dédoublée qu'à gauche. IL V..., 21 ans, guillotiné pour meurtre, peu intelligent. Ce cerveau est beaucoup plus",1777-5469
23,24,"Bizutage, dressage, lavage de cerveaux",article,1990,84,"Bizutage, dressage, lavage de cerveaux... par le problème de « l'intégration », les professeurs parce qu'ils ont le privilège d'enseigner aux esprits supérieurs du canton, les administrateurs parce qu'ils désirent avant tout obtenir...À propos de... 119 Bizutage, dressage, lavage de cerveaux Où se rencontrent les futures élites intellectuelles de notre pays ? Dans les classes préparatoires aux grandes écoles ! On le sait de longue..., la dérision, la gaieté un peu folle. Fort bien. En réalité, ces pratiques comportementales — sous le couvert d'un discours de fête — se traduisent par des manœuvres qui ont de quoi révolter un cerveau libre",1778-7459
24,25,L'exode des cerveaux,compte-rendu,1969,24-1,"L'exode des cerveaux...L'exode des cerveaux. Travaux de la Conférence de Lausanne réunis par Walter Adams et Henri Rieben Lausanne, Centre de recherches européennes, 1968, 24 cm, 310 p. Tabl. Depuis quelques années... organisait à Lausanne la première conférence internationale d'experts non gouvernementaux consacrée à « l'exode des cerveaux ». Les diverses communications donnent une vue d'ensemble du problème. Si les... « cosmopolite » et s'attache à montrer les effets bénéfiques de cette migration internationale, Don Patinkin fait remarquer « qu'en nous préoccupant de « l'exode des cerveaux » nous rejetons implicitement",1957-7966
25,26,La question migratoire dans les relations euroméditerranéennes. Entre intégration et obsession sécuritaire,article,2007,1266,"26' On assiste donc à une fuite de cerveaux d'une ampleur grandissante. Les causes ? La croissance démographique sur la rive sud de la Méditerranée entraîne des pres¬ sions sur le marché de l'emploi. Les... 40 milliards de dollars uniquement pour la période comprise entre 1992 et 1996i31i. Lutter contre la fuite des cerveaux : un choix politique des pays concernés A défaut d'une stratégie cohérente, la fuite...-Mediterranean Area "" .Journal of North African Studies, vol. 1 1, n° 1, mars 2006, p. 18. 26. Ali Bensaad, op.cit ., p. 118-119. 27. Andrea Gallina, op.cit., p. 19. 28. M. Mamart, ""Fuite des cerveaux algériens",2262-3353
26,27,Les migrations scientifiques algériennes vers la France,article,1999,1221,"des cerveaux, retours et diasporas"", Futuribles, n° 228, février 1998, p. 25-49. 4)-Anne de Tinguy et Catherine de Wenden, ""La fuite des cerveaux : une chance pour l'Est ?"", L'Observatoire de l'OCDE... contemporaines , n° 20, 1994, pp. 39-62. De la fuite des cerveaux à la mondialisation scientifique 8)-Se rappeler la création du Comité international de soutien aux intellectuels algériens (CISIA), à l'initiative... des savoirs et des compétences mises au service du marché mondial ne semble plus s'ins¬ crire dans un mouvement de fuite des cerveaux {brain drain ) mais plutôt dans celui de la libre circulation",2262-3353
27,28,Carrières et échanges de cerveaux : un cadre explicatif pour les migrations internationales de travail au sein de l'Europe du Nord-Ouest,article,1983,2,"Les mouvements de travailleurs entre les pays de l'Europe du Nord-Ouest ont beaucoup moins attiré l'attention des chercheurs que les migrations à destination de ces mêmes pays à partir du monde... méditerranéen : ce sont des mouvements à plus petite échelle qui concernent des personnes appartenant aux groupes sociaux élevés. Un cadre explicatif pour l'analyse géographique de ces « migrations de cerveaux...migration de cerveaux...Carrières et échanges de cerveaux : un cadre explicatif pour les migrations internationales de travail au sein de l'Europe du Nord-Ouest...ESPACE POPULATIONS SOCIÉTÉS 1983-11 pp. 27-38 CARRIÈRES ET ECHANGES University College London DE CERVEAUX : UN CADRE EXPLICATIF POUR LES MIGRATIONS INTERNATIONALES DE TRAVAIL AU SEIN DE L'EUROPE... de l'employé, ainsi que le désir d'une carrière présentant des possibilités de promotion, une satisfaction dans l'emploi et une amélioration générale de son style de vie. Des expressions de cette vue sur les... DU NORD-OUEST En Europe occidentale, deux systèmes principaux de migrations internationales de travail se sont développées au cours des deux dernières décennies. Le premier d'entre eux, le mouvement",2104-3752
28,29,Entre l'engagement et la fuite,article,2006,77-1-2,"Entre l'engagement et la fuite... : « Qu'un auteur ait le désir de transmettre un sens particulier ne veut pas nécessairement dire qu'il réussit à le faire2. » Quoi qu'il en soit, la priorité devrait aller aux travaux de nos auteurs les plus connus... une lumière neuve et d'une incomparable subtilité. À la fin de la décennie, nous avons vu apparaître une nouvelle génération d'auteurs dramatiques ; leur réponse à la réalité était marquée par le désir...ENTRE L'ENGAGEMENT ET LA FUITE PAR BOŠKO MILIN Université de Belgrade Parler des textes dramatiques apparus au cours de la dernière décennie dans ce qui est aujourd'hui l'union étatique de Serbie",2117-718
29,30,"La Ceppède, ou la fuite du sens",article,1987,0,"La Ceppède, ou la fuite du sens...﻿ÉTUDES LITTÉRAIRES, VOL. 20 - N° Z. AUTOMNE 1987. pp. 93-100 LA CEPPÈDE, OU LA FUITE DU SENS daniel chouinard Abstract: This brief paper is a first attempt in contrasting La Ceppède's poems and the... comme un commentaire traditionnel, LA CEPPËDE, OU LA FUITE DU SENS à cette seule différence près que «l'autheur de ces vers» s'arroge et assume les fonctions dévolues à l'Autre, lector/ scriptor... à celles du premier quatrain, où nous auons couché & paraphrasé le dire de sainct Thomas, afin d'exprimer céte obseruation notable»17; tout, dans ces mêmes poèmes, se conçoit ou LA CEPPÈDE, OU LA FUITE",1708-9069
30,31,Lignes de fuite d’un rebelle,article,1999,37,"Lignes de fuite d’un rebelle...RENE SCHERER Lignes de fuite d’un rebelle Gilles Châtelet vient de mourir tragiquement et nous sommes là réunis pour méditer sur son œuvre et sa vie. Je lis, au début de la préface qu’il consacre..., le parcours en un éclair de vastes champs dis- Lignes de fuite d’un rebelle sociés, disjoints, avec l’établissement transversal de jonctions inattendues — procédé pascalien. Un de ses articles sur Deleuze après",2111-4412
31,32,"Variations morphologiques, syntaxiques, sémantiques et Repérage d’Information sur le Web",article,2003,1,"pour la spécification de mécanismes de reformulation de requêtes facilitant la recherche d’information. À partir de 5 besoins en information de type mot1 mot2 , « fuite des cerveaux » états-unis (où fuite... des cerveaux constitue le mot1 ), voyage tibet, vol lune, mission espace, promenade paris (soit les corpus fuite des cerveaux, tibet, lune, espace et tibet ), nous avons constitué 5 corpus. On peut.... Pour chacun de nos corpus, les besoins en information ont été définis comme suit. Pour le corpus fuite des cerveaux , répondaient à notre besoin en information les documents traitant de la fuite des cerveaux",1705-4591
32,33,À l'est du nouveau,liminaire,1992,1155,", par exemple, ne pas profiter de l'écroulement des économies de l'Est pour en tirer quelques avantages subsidiaires. L'attitude des Occidentaux face à la fuite des cerveaux, véritable hémorragie des forces vives... de l'Europe centrale et orientale. En attendant, il n'est pas inutile de faire le point sur les questions posées, à l'Est par des économies pour la plupart en ruines, à l'Ouest par une volonté affichée... Wihtol de Wenden, p. 6) : depuis les Allemands d'Europe orientale qui peuvent prétendre, au terme de la loi en RFA, au ""retour dans la mère-patrie"" (Jochen Blaschke,/?. 37), jusqu'aux réfugiés, victimes",2262-3353
33,34,"Gaillard Anne-Marie et Gaillard Jacques, Les enjeux des migrations scientifiques internationales. De la quête du savoir à la circulation des compétences",compte-rendu,2000,16-3,"central en tant que stratégie de contournement de la fuite des cerveaux et de récupération de leurs élites scientifiques expatriées, et partant, à considérer que tout scientifique ou ingénieur expatrié... à la circulation des compétences illustre parfaitement qu'il s'agit ici d'un ouvrage complet sur la question. On y trouve à la fois, une mise au point historique et théorique sur la question de la fuite des cerveaux... », 1999,233 p. ISBN : 2-7384-8434-4 Cet ouvrage contribue à une meilleure connaissance de ce qu'il est convenu d'appeler « l'exode des cerveaux », à savoir, Notes de lecture 249 possible de savoir si la richesse",1777-5418
34,35,Articles,dossier thématique,1973,55,"-UNIS : UN CAS LATINO-AMÉRICAIN « Analyse des fluctuations de l'émigration brute (juillet 1950 à juin 1970) par Enrique Oteiza* Le phénomène dit de la « fuite des cerveaux » est une forme de migration... de la « fuite des cerveaux » à partir des données existantes sur les migrations entre l'Argentine, pays d'origine, et les Etats-Unis, pays récepteur, ainsi qu'en termes théoriques plus généraux. Nous reviendrons... migrations sont liées à la division internationale du travail résultant d'une forme d'échange asymétrique. Dans le phénomène de la fuite des cerveaux, le pays d'origine du mouvement migratoire (le moins",1963-1359
35,36,La mobilité des élites scientifiques de l'Autre Europe : exode ou circulation ?,article,1996,27-3,"Movement of scientific élites from the Other Europe : exodus or circulation ? The aim of this text is to explain the dynamics of migration in which scientists from Central and Eastern Europe figure..., sometimes prominently, as social actors and to suggest a typology of situations, given both the global and the specific transformations in that part of Europe since the fall of the Berlin Wall. The geographic... drain and mobility are concerned. We have pinpointed two situations as ""ideal types"" : the first directly reflects the changes in Central and Eastern Europe, and is represented by Poland and Russia, where...La mobilité des élites scientifiques de l'Autre Europe : exode ou circulation ?... entre la Pologne et le reste de l'Europe. La mobilité des cerveaux aurait une fonction intégratrice au niveau de l'Europe. Dans le cas yougoslave, en revanche, les départs des élites intellectuelles... privilégiés Les grands flux et itinéraires des ""cerveaux"" sont connus et les recherches nouvelles, y compris celles portant sur l'Europe de l'Est, confirment pour l'essentiel les mêmes destinations : l'Amérique... que d'une fuite de cerveaux. En Russie, aujourd'hui, nos meilleurs chercheurs sont paralysés, stérilisés. Qu'ils partent donc ! C'est à l'étranger qu'ils pourront s'épanouir, devenir ou redevenir des cerveaux",2259-6100
36,37,Insertion et formation des étudiants étrangers dans les systèmes d'enseignement supérieur : Le cas des étudiants maghrébins,article,1986,7-8,"(insertion et fuite des cerveaux), Edgard P1CH, Université Lyon II, Claudine ROZENSZTROCH, Ministère de la Recherche. Statistiques 84-85 ^^^^ Un. Pays ^\. Algérie Maroc Tunisie Se. Sociales 85 337 61 P... la réinsertion des étudiants dans leur pays et d'éviter la fuite des cerveaux. Les moyens : I ) Le soutien à la création de filières de formation dans les pays en voie de développement. 2) La co-tutelle des thèses... que des problèmes épineux sont abordés tels que coûts, échecs dans les études, fuite des cerveaux etc.. Est-ce à dire que l'étudiant maghrébin est celui qui pose le plus de problèmes au sein des établissements",2613-2702
37,38,"Khadria Binod, The Migration of Knowledge Workers. Second Generation Effects of India's Brain Drain",compte-rendu,2001,17-2,"un remède contre la fuite des cerveaux. Binod Khadria définit et justifie ensuite les termes qu'il va employer. Au lieu de l' expression fuite des cerveaux ( brain drain ) qu'il juge à la fois trop vague... négatif suggéré par celui de fuite (drain) et l' utilisation de travailleurs 192 Notes de lecture hautement qualifiés lui semble plus appropriée et mieux définie que cerveaux (brain,) car cela concerne ceux..., surenchère salariale). - La fuite des cerveaux proprement dite (brain drain stricto sensu,) : // s'agit là d' un personnel très qualifié utilisable par le pays d'origine ; cela constitue alors une véritable",1777-5418
38,39,"John F. Helliwell, Mondialisation et bien-être, Québec, Les Presses de l’Université Laval, 2005, 105 p.",article,2007,1,"de valeurs des peuples. La boucle est bouclée et l’auteur illustre son affirmation en citant une supposée absence de fuite des cerveaux du Canada vers les États-Unis. Cette fuite massive de cerveaux devrait... normalement résulter des différences de politiques fiscales, si les « cerveaux » canadiens ne partageaient pas des valeurs différentes des « cerveaux » américains. Devant ce constat, Helliwell se pose donc",1705-6225
39,40,"I. Formation, emploi, territoires (Professionnal training, jobs, territories)",dossier thématique,2004,81-2,"la fuite et l'attraction des cerveaux Le développement des industries de haute technologie a fait naître une demande croissante de matière grise. Mais les flux et les stocks sont difficiles à évaluer du fait... flux internationaux de biens et de services (3) OCDE Observateur : Fuite des cerveaux : mythes anciens, réalités nouvelles, 15 mars 2002. (4) OST (1996), «Observatoire des sciences et des techniques...», Sciences et Technologies- Indicateurs, Paris, Economica, p. 391. (5) OECD (1998), Trends in International Migration, Annual Report, Paris, p. 55. (6) OCDE Observateur : Fuite des cerveaux : mythes anciens",2275-5195
40,41,"La géographie, une discipline qui stimule les deux cerveaux",autre,1998,22,"La géographie, une discipline qui stimule les deux cerveaux...LA GEOGRAPHIE, UNE DISCIPLINE QUI STIMULE LES DEUX CERVEAUX (Ces réflexions font suite à une lecture de l'ouvrage de Lucien Israël, «Cerveau droit, Cerveau gauche» (Plon, 1995). En schématisant..., on dira que celui-ci émet l'idée que la partie gauche du cerveau, le cerveau gauche, est le siège de la pensée raisonnée, de la logique, tandis que la partie droite, le cerveau droit, serait celui..., la perception des rapports de l'Homme et de son Espace, nécessitent de façon intrinsèque l'utilisation des deux éléments fondamentaux du cerveau (et même le «troisième», la partie limbique, par réminiscence",1985-2006
41,42,Jean-Pierre Clerc et Paul lorcète. Le duel USA-URSS dans l'espace. Guerre des étoiles : l'Europe entre les deux Grands,compte-rendu,1987,52-1,"Jean-Pierre Clerc et Paul lorcète. Le duel USA-URSS dans l'espace. Guerre des étoiles : l'Europe entre les deux Grands... la « fuite des cerveaux » {brain drain). Enfin, il ne semble pas que les convergences franco-allemandes en matière de sécurité soient telles que l'on puisse envisager à moyen terme l'émergence d'une défense...Le duel USA-URSS dans l'espace. Guerre des étoiles : l'Europe entre les deux Grands Jean-Pierre Clerc et Paul lorcète Autrement, Paris, 1986, 190 pages La collection « Enjeux et Stratégies... » que dirige Jean-Christophe Victor aux éditions Autrement vient de s'enrichir d'un nouveau volume consacré à la « guerre des étoiles » et à ses conséquences pour l'Europe. Ce sujet a déjà fait l'objet",1958-8992
42,43,Fuite et nostalgie romantiques de la Grèce,article,1994,4,"Fuite et nostalgie romantiques de la Grèce...FUITE ET NOSTALGIE ROMANTIQUES DE LA GRÈCE 1. Introduction Penser le romantisme comme une philosophie, c'est déjà le reléguer au rang d'un système fermé, d'une attitude définitivement statique... qu'un courant favorable au sentiment de la nature se développait en Europe: déjà à la fin du seizième et au début du dix- septième siècle un «ample bêlement» parcourait l'Europe occidentale, et dont Et in Arcadia..., dictée par la tradition jésuite? De son côté, philosophe romantique génial, s'il en fut, Hegel ne s'est-il pas acharné à ériger le romantisme en catégorie esthétique5? 3. La fuite Toutes ces constatations",1991-2014
43,44,Un prof en fuite. De l'enseignement à la plomberie,article,1980,14-15,"Un prof en fuite. De l'enseignement à la plomberie... de renouvellement se sont heurtés à la rigidité des structures et des hommes qu'elles enserrent. Il y a toujours un texte pour répondre à un désir d'inovation, des crédits du compte X que l'on ne peut transférer... élèves ont un grand désir de création pratique et concrète, d'une prise sur la vie et sur les choses qui les entourent. L'école reste un lieu extérieur à la vie des jeunes. On la leur impose comme... des critiques d'ordre sociologique et politique plus générales : le désir de s'éloigner d'un monde dénaturé où les saisons, les changements de lune, ne se remarquent même plus. Où mon voisin restera éternellement",2513-6119
44,45,La fuite du « vrai » dans la cure psychanalytique,article,1968,11,"La fuite du « vrai » dans la cure psychanalytique..., déploie d'un désir, la configuration articulée où, pour celui qui le supporte comme pour celui qu'il vise, il sera question de sa mort. Qu'une parole s'expose à provoquer ce sens, aussitôt la passion... : à savoir qu'en dehors de l'invraisemblable mort, il n'est pas de « sens vrai ». Qu'est-ce qui cependant, de la mort et de la castration, va passer dans une parole, en sorte que le désir d'un sujet puisse... qui manifeste le rapport entre ce qui s'énonce et le désir inconscient, fragmenté dans les traces d'une histoire auxquelles les fantasmes originaires de séduction, de castration et de scène primitive imposent",2102-5924
45,46,Nick's Movie : le point de fuite,article,1994,2,"Nick's Movie : le point de fuite...Nick's Movie : le point de fuite1Stéphane MorinRÉSUMÉLors de la sortie du film Nick's Movie (Lightning Over Water), réalisé par Wim Wenders et Nicholas Ray, la critique journalistique a vainement... donc être en mesure de voir pourquoi Nick's Movie est un film ambigu.Nick's Movie : le point de fuite105Nick's Movie : un film ambigu?Il s'agit maintenant d'esquisser rapidement ce que nous montre Nick... des mêmes noms quiNick's Movie : le point de fuite107108assument la réalisation et qui apparaissent dans le film, sans nécessairement en tirer des conclusions. Le spectateur plus cinéphile aura tendance",1705-6500
46,47,Puškin en exil et ses projets de fuite (1820-1826),article,1987,59-1-2,"Puškin en exil et ses projets de fuite (1820-1826)...PROBLÊMES BIOGRAPHIQUES PUS KIN EN EXIL ET SES PROJETS DE FUITE (1820-1826) PAR ROBIN KEMBALL Les complots tramés par Puikin et quelques-uns de ses amis en vue d'une fuite à l'étranger, s'ils... Turgenev est à Odessa, il lui écrit qu'il aimerait tellement venir le voir et « respirer l'air pur d'Europe » — «... mais je me trouve moi-même en quarantaine, et [mon] intendant Inzov ne me lâche pas, comme... 1 8233 . Sa joie, son enthousiasme ne connaissent pas de bornes. Dans une lettre à son frère Lev il s'exclame : « ... j'ai quitté ma Moldavie et j'ai fait mon apparition en Europe — la restauration et l'opéra",2117-718
47,48,Les langues sont des êtres de fuite,article,1990,77,"Les langues sont des êtres de fuite ... le poète, bilingue ou rhapsode, ne peut livrer que des fragments échappant à l'avidité de la somme, au désir de totalité. C'est cette visibilité invisible, cette figuration bruissante, fuyante, et toujours...Éliane Formentelli, Université Paris VU LES LANGUES SONT DES ÊTRES DE FUITE « Je rêve d'un homme qui aurait désappris les langues de la terre jusqu'à ce qu'il ne puisse plus comprendre dans aucun... le mythe d'une langue de la nature qui soutiendrait et supporterait les langues naturelles. Une langue perpétuellement « en fuite » comme l'Albertine de Proust, corps chiffré par le mensonge et dont",1958-5926
48,49,Un essai de typologie des nouvelles mobilités,article,2001,1233,"la fuite des cerveaux), l'appartenance ethnique (comme les Aus-siedler ), religieuse (l'exode des juifs), ou les échanges de populations. Une autre typologie peut être établie suivant les logiques migra... de même nature : regrou¬ pement familial, étudiants, travailleurs qualifiés et classes moyennes, exode des cerveaux, travailleurs temporaires, travailleurs frontaliers, demandeurs d'asile, sans-papiers issus...-ils et avec quelles motivations ? Peut-on dresser une typo¬ logie des mouvements de populations ? Y a-t-il une nouvelle donne de l'immigration avec la reprise économique en Europe et le ""papy boom",2262-3353
49,50,"Enfants d'ici, parents d'ailleurs. Histoire et mémoire de l'exode rural et de l'immigration. Carole Saturno Gallimard Jeunesse, livre pour enfants (à partir de 9 ans), 2005",compte-rendu,2006,1261,"statistiques montrent le rôle de l'immigration pour enrayer le déclin démographique de l'Europe, les ambiguïtés d'une ""immigration choisie"", la fuite des cerveaux qui frappe les pays du Sud. Bien sûr",2262-3353
50,51,La guerre et les réfugiés dans l'ex-Yougoslavie,article,1992,8-2,". Il devient clair que la fuite et le déplacement de la population ne sont pas uniquement la conséquence de la guerre mais également un de ses buts : aboutir à des territoires « ethniquement purs ». L'article... l'enquête citée(25), 9,4 % seulement avaient déclaré qu'ils ne retourneraient pas, 29,5 % ne savaient pas, tandis que 61,3 % avaient exprimé le désir de retour. Le désir de retour est particulièrement fort... et en Autriche dans le débat sur le droit d'asile, comme La guerre et les réfugiés dans I ex- Yougoslavie si effectivement toute cette masse de gens en provenance de l'ex-Yougoslavie était aux portes de l'Europe..., on est amené à renoncer face à deux millions. Le fait est cependant que, par rapport à la totalité, le nombre de gens en fuite devant la catastrophe balkanique et qui atterrissent à l'étranger, reste",1777-5418
51,52,"Laafi, tout va bien. Film burkinabé de S. Pierre Yaméogo",compte-rendu,1991,1149,"ce petit mécano qui crève les pneus pour faire marcher le commerce. L'opi¬ nion se passionne pour un débat télé¬ visé annoncé en soirée sur la fuite des cerveaux, thème social épineux. le sens... sur la fuite des cerveaux a été reportée sine die mais que Joe obtiendra son orientation vers la faculté de médecine de Montpel¬ lier. Le régime est bien un peu carré, mais au bout du compte bon prince. HOMMES",2262-3353
52,53,"Abdoulaye Gueye, Les intellectuels africains en France. Préface de Babacar Sall. Paris, L’Harmattan. Collection « Sociétés africaines et diaspora », 2001, xvi + 272 p., bibliogr., index.",article,2002,0,"de la « fuite des cerveaux » pour introduire celle, plus féconde, de l’expatriation des intellectuels africains en France. Son analyse est assurément une gageure dans le contexte actuel de la France, fait.... Il appréhende plutôt, pour sa catégorie d’analyse, un corps social qui refuse l’enfermement dans le communautarisme ou les affirmations ethniques et qui manifeste son fort désir d’intégration sociale... aux communautés africaines pour la reproduction de modèles socio-culturels inadaptés en Europe en raison de l’exclusion dont elles sont victimes du fait de l’idéologie assimilationniste de la société française",1703-7921
53,54,Table générale de 1999,tables et index,1999,50-6,RAPOPORT Croissance redistribution et inéga lités dans un modèle de fuite de cerveaux ................................................ 499 Patrick GUILLAUMONT Sylviane GUILLAUMONT JEANNENEY Aristo- mène... en Europe centrale les enjeux ................................ 1095 Nathalie RIC UR-NICOLA Béatrice AUZOUY Fadhel LAKHOUA Nicolas MEUNIER Luis MIOTTI Vers un élargissement sélectif de Union euro péenne dix... pays deux cercles ............................................................... 1101 Laurence BOONE Mathilde MAUREL ancrage de Europe centrale et orientale Union européenne,1950-6694
54,55,Existe-t-il un exode des compétences françaises vers l'étranger ? L'exemple des migrations vers New York (Is there an exodus of the highly skilled french people to foreign countries ? The example of the flows to New York),article,2004,81-2,"de compétences, n'est-il pas pertinent de se demander si la peur d'une fuite des cerveaux français est justifiée? Une connaissance de l'ampleur, des causes et des conséquences de ce phénomène conduit... M., 2000. - L'exclusion sociale dans les communautés françaises à l'étranger, Paris, Ministère de l'Emploi et de la Solidarité, Ministère des Affaires Etrangères. CHORAFAS D., 1968. - La fuite des cerveaux, les USA... J., 2000. - La fuite des cerveaux, mythe ou réalité?, Paris, Les rapports du Sénat, n° 388. IMMIGRATION AND NATURALIZATION SERVICE, 1990-2002. - Statistical Abstract of the United States, Washington D.C. MINISTÈRE",2275-5195
55,56,Paul Bairoch.- Le Tiers-Monde dans l'impasse (3e édition),compte-rendu,1993,213,"de scolarisation, très réel, accélère la fuite JANVIER-FÉVRIER 1993 — 41 — ÉCONOMIE RURALE N° 213 des cerveaux. Les cultures d'exportation ne représentent plus un débouché crédible, ni un moyen d'obtenir des devises...NOTES DE LECTURE Paul BÂIROCH.- Le Tiers-Monde dans l'impasse (3e édition). Paris. 1992. Gallimard (collection Folio actuel), 660 p. Pourquoi le développement économique de l'Europe au XIXe siècle... industrielle et son exportation de l'Angleterre vers les autres pays d'Europe au début du siècle dernier ne sont plus réunies maintenant. Le développement industriel anglais s'est fait grâce à la coïncidence",2105-2581
56,57,"Le XIIe Congrès de l'I.D.E.F. (Dakar, 24-29 septembre 1979)",compte-rendu,1979,31-4,"cherche à empêcher «la fuite des cerveaux», à supprimer pour l'avenir les difficultés causées par les retours massifs des immigrés expulsés par les pays étrangers et à conserver les capitaux que les... pour certains emplois, les conduisent à appeler des travailleurs étrangers. Les troubles politiques sont suivis d'expulsions ou de la fuite des persécutés. Les frontières des pays africains devenus indépendants... de l'Europe au cours des années 50 et 60 a permis d'employer tous les travailleurs étrangers qui s'y rendaient, beaucoup en fraude mais leur situation était bien vite régularisée. Il n'en est plus",1953-8111
57,58,Migrations de l'Est : où en est-on trois ans après la chute du mur de Berlin ?,article,1993,0,"des répercussions n'est pas tant quantitative que qualitative. E — La fuite des cerveaux Les statistiques des pays d'origine, notamment de l'ex-URSS, ne permettent pas de connaître avec précision le profil...», rapport, Commission des Communautés européennes. Bruxelles, octobre 1991. 45. A. Kortunov, «La fuite des cerveaux: le cas de l'ex-URSS», Hommes et Migrations, juin 1992, pp. 22-26. 46. Goskomstat sssr.... Ces mouvements se transforment parfois en départs vers l'Occident. Un certain nombre de ces migrants, poussés à partir par les circonstances, n'ont en effet ni la possibilité ni le désir de s'installer ailleurs",1703-7891
58,59,Faire du dessin d'art grâce au cerveau droit,article,1988,75,"- cerveau droit », de créativité et de « découverte du cerveau droit ». Il prépare une maîtrise à l'université de Caen sur le thème de cet article....Faire du dessin d'art grâce au cerveau droit...FAIRE DU DESSIN D'ART GRÂCE AU CERVEAU DROIT par Jean-Paul Sibbille Nous voyons les choses telles que notre tête les peint ; il nous faut donc connaître cette tête. (Stendhal) Une autre manière..., longtemps « laissé pour compte » de l'enseignement : tel est d'emblée le dessin avec le cerveau droit... Pour l'homme (et la femme) de la rue comme pour l'élève qui est au collège ou au lycée...), ou qu'il a la tête « bien remplie plutôt que bien faite » (Montaigne) ou encore qu'il méconnaît et son regard et sa tête. Sa tête ? Son cerveau... ! Et plus tard, devenu employé, technicien, ouvrier ou cadre supérieur",1778-7459
59,60,"L'imitation, système d'appariement des motifs entre deux cerveaux",article,1996,1,"L'imitation, système d'appariement des motifs entre deux cerveaux...L'imitation, système d'appariement des motifs entre deux cerveaux Colwyn Trevarthen* Dans la perspective empiriste, le comportement intelligent réagit aux stimuli, et le changement de comportement... ou provoquent une orientation particulière, un rythme ou une forme anatomique de comportement. C'est le fait des deux cerveaux d'avoir des systèmes somatotopiques (ou « téléotopiques » = spécifiant leur direction",1969-6981
60,61,Marie-Joseph Chalvin Ces cerveaux qui nous gouvernent,compte-rendu,1991,89,"Marie-Joseph Chalvin Ces cerveaux qui nous gouvernent ... par microordinateur, donne le profil de préférences cérébrales de la personne selon 4 dimensions principales, nommées A B C D, d'après un modèle qui est le croisement de celui de Sperry (cerveau gauche - cerveau droit",1778-7459
61,62,Relations internationales,compte-rendu,1994,59-2,", Pakistan, Turquie...). Contrairement aux peurs initiales, la Russie semble avoir un faible f)Otentiel d'émigration. Notons cependant e phénomène de fuite des cerveaux, problématique pour la Russie... d'un déferlement massif provenant de l'Est-européen. L'un des mérites du dossier constitué par Anne de Tinguy et Catherine Withol de Wenden est d'analyser avec calme cette émigration. Première donnée : l'Europe... de MONTLIBERT Confluences Méditerranée « L'Europe et la Méditerranée » n° 7, été 1993, L'Harmattan, Paris Ce dossier, préparé par B. Raven el et J.-P. Chagnoflaud, plaide pour une politique méditerranéenne",1958-8992
62,63,Échecs et illusions des politiques d'aide au retour,article,2000,1223,"""fuite des cerveaux"" est sans doute autant liée à un manque de liberté et de vie démocratique dans le pays d'origine qu'à des pressions purement économiques. On peut toujours décider de renvoyer un migrant.... Les migrations de cerveaux peuvent être un facteur de stabilité 6)-Catherine Wihtol de Wenden et Anne de Tinguy, L'Europe et toutes ses migrations, Complexe, Bruxelles, 1995, p. 145-146. La migration... et des migrations internationales de la région Nord-Pas-de-Calais, développe une étude intéressante sur les poli¬ tiques d'incitation au retour en Europe et Retourner dans son pays d'origine implique que les liens",2262-3353
63,64,"Mihaela Nedelcu (Dir).), La mobilité internationale des compétences : situations récentes, approches nouvelles. Actes du Colloque « La mobilité internationale des compétences : fuite ou circulation ?, Neuchâtel, », Paris, L'Harmattan, ( Questions sociologiques), 2004",compte-rendu,2004,87,"Baudry de Vaux, Marie des Neiges...Mihaela Nedelcu (Dir).), La mobilité internationale des compétences : situations récentes, approches nouvelles. Actes du Colloque « La mobilité internationale des compétences : fuite...La mobilité internationale des professionnels qualifiés, encouragée de nos jours par la mondialisation, est devenue inéluctable. Mais ce que l'on appelle communément la « fuite des cerveaux » peut... du thème : « La mobilité internationale des compétences : fuite ou circulation ? ». Cet ouvrage en rend compte autour de deux grands axes : les stratégies locales et transnationales des migrants qualifiés",2107-0946
64,65,Sur la fuite et le retour de l'archevêque Eustathe de Thessalonique,article,1962,20,"Sur la fuite et le retour de l'archevêque Eustathe de Thessalonique...IV Sur la fuite et le retour de l'archevêque Eustathe de Thessalonique II y a tout lieu de féliciter P. Wirth du travail qu'il est en train d'accomplir pour exploiter au mieux les éléments... de ce personnage est un exemple de sa minutieuse acribie. Il est intitulé Die Flucht des Erzbischofs Eustathios aus Thessalonike (Byz. Zeit., 53, 1950), mais en fait il s'occupe non seulement de sa fuite, mais aussi... de la cause et de la date de son retour à Thessalonique. Les dates établies autrefois par L. Petit (2) étaient, pour la fuite : 1191, et pour le retour : avant le 1er septembre 1193, où se place un discours",2261-060
65,66,Serisier collectionneur et la «Fuite en Egypte» de Poussin,article,1994,105,Serisier collectionneur et la «Fuite en Egypte» de Poussin...Jacques Thuillier Serisier collectionneur et la Fuite en Egypte de Poussin Si Poussin Romain adoption appartient pourtant de plein droit la peinture fran aise est après son bref séjour Paris vingt... il mentionne en 1657 il fit pour le sieur de Cerisiers une Vierge qui fuit en Egypten 14 De son côté le Journal du voyage du Cavalier Ber nin en France nous apprend en 1665 on voyait chez Serisier outre... sont les deux originaux Le dernier tableau est cette Vierge qui fuit en Egypte que Félibien dit peinte pour Serisier en 1657 expression employée par Chantelou pro pos de la visite du Bernin la Vierge,1953-812
66,67,Une accélération de la fuite des capitaux hors de Chine,article,1999,51,"Une accélération de la fuite des capitaux hors de Chine...a/1 r v tatistiques chinoises Une accélération de la fuite des capitaux hors de Chine algré un excédent commercial en 1998 de près de 43,6 milliards de dollars américains et l'arrivée... aujourd'hui vers l'existence de fuites massives de capitaux vers l'étranger. Parmi les différentes méthodes d'estimations d'évasion de capitaux, la méthode retenue par la Banque mondiale (appelée méthode... (lorsque le signe est en négatif). La plupart des spécialistes considèrent que cette catégorie comptable correspond en fait à des fuites de capitaux. Les sommes en jeu dans ce poste sont considérables",1996-4609
67,68,La place de l’éviction et de la fuite dans le perfectionnement éthique,article,2002,1,"La place de l’éviction et de la fuite dans le perfectionnement éthique... en tant qu’elle comprend ». Partie constitutive de la fortitudo (avec la generositas qui n’entre pas ici directement en jeu), l’animositas est « le désir par lequel chacun s’efforce de conserver... son être en vertu du seul commandement de la raison ». C’est parce que l’animositas est un désir qu’elle peut se mesurer à d’autres affects, s’immiscer dans leurs conflits. C’est parce que ce désir actif... et celle du corps », Spinoza énonce, dans le scolie, que « celui qui hait s’efforce d’écarter et de détruire la chose qu’il a en haine ». Le désir d’anéantir prolonge celui de repousser comme, dans le cas",1492-1391
68,69,Adhésion turque : la fuite en avant continue,article,2005,70-2,"Adhésion turque : la fuite en avant continue... autorisées se sont élevées pour rappeler l'essence parlementaire de la 424 Adhésion turque : la fuite en avant continue Ve République2. L'Europe n'est plus, depuis longtemps, une question relevant...politique étrangère 2:2005 Adhésion turque : la fuite en avant continue Par Sylvie Goulard « L'objectif commun des négociations est l'adhésion » : les conclusions du Conseil européen du 17 décembre..., c'est que tel était le bon vouloir de ceux qui nous gouvernent1. 1. Le Bulletin Quotidien Europe d'Agence Europe du 17 décembre, commentant le Conseil européen du même jour, écrit : « La décision du président",1958-8992
69,70,Une réévaluation des interprétations de la fuite simulée d'Hastings,article,1995,45-1,"Une réévaluation des interprétations de la fuite simulée d'Hastings...UNE RÉÉVALUATION DES INTERPRÉTATIONS DE LA FUITE SIMULÉE D'HASTINGS* Comparé à d'autres anniversaires de la Conquête (1966 : neuvième centenaire de la célèbre bataille de Hastings du 14 octobre... des conquêtes normandes (surtout celle de l'Angleterre), le même événement m'interpella de nouveau : les chevaliers normands ont-ils simulé une fuite à Hastings, comme le prétendent Guillaume de Poitiers... et d'autres historiens, pour renverser le cours de la bataille en faveur de Guillaume ? Après avoir passé en revue les arguments pour et contre cet épisode de la fuite simulée, j'établirai pourquoi je ne crois",2261-4427
70,71,La Révolution française et l'Événement : la fuite du roi,article,1992,104-1,"Mona Ozouf, La Révolution française et l'Événement : la fuite du roi, p. 129-144. Dans le cours de la Révolution française, qui invente l'événement moderne, la fuite à Varennes paraît l'événement... pour colmater l'incongruité de l'événement, d'autant plus choquante que la Constituante paraissait alors toucher au terme de ses travaux. Tous les moyens ont été bons pour amortir le choc de la fuite du roi...La Révolution française et l'Événement : la fuite du roi...MONA OZOUF LA RÉVOLUTION FRANÇAISE ET L'ÉVÉNEMENT LA FUITE DU ROI Dans l'histoire de la Révolution française, si fertile en événements, la fuite à Varennes peut passer pour l'événement-type.... Lorsque Marcel Reinhard1 décida en 1958 de consacrer tout un cours de Sorbonne à la fuite du roi, ce fut à la surprise de ses étudiants. Lui-même avait conscience d'un choix audacieux. L'ouvrage sans doute... et la discontinuité. Il n'empêche : Varennes contraint quoiqu'il en ait l'historien à revenir à des agents individuels, à faire dans la coulée historique sa place à la fracture, à méditer sur la contingence. La fuite",1881-2009
71,72,"La Russie, entre peurs et défis, de Jean Radvanyi et Marlène Laruelle, Paris, Armand Colin, 2016, 240 p.",article,2018,1,"de la surmortalité masculine, du faible ratio de jeunes et de la « fuite des cerveaux » présagent de sombres perspectives pour la Russie. Les auteurs concèdent néanmoins que la récente naturalisation des migrants... et à conforter le gouvernement dans la voie de la fuite en avant, vers un nouvel isolement. Cette posture anxiogène, qui touche tant ses élites que sa population, se décline en sept volets que les deux auteurs... ne sont par conséquent pas exclusivement propres au gouvernement et à la société civile russe. Dans un contexte de crise politique et économique particulièrement aiguë en Europe, il peut paraître difficilement opportun",1703-8480
72,73,"Les ""nouveaux migrants"" algériens des années quatre-vingt-dix",article,2003,1244,"et Algériens 41 Violences contre les intellectuels 5)-Voir pour l'ex-Urss les travaux d'Anne De Tinguy, ""Le départ des cerveaux de la CEI en Occident : fuite ou mobilité ?"", Innovation , vol. 7, n° 2, 1994, pp...Les ""nouveaux migrants"" algériens des années quatre-vingt-dix L'exode des cerveaux est un phénomène qui commence seulement à être connu depuis les années soixante®. Bien qu'existant depuis plu...¬ sieurs milliers de scientifiques ou techniciens, notamment, aient été pourchassés par le nazisme. Après-guerre, le flux de migrants en pro¬ venance d'Europe vers les États-Unis attire l'attention",2262-3353
73,74,Le choix culturel des Arabes,article,1971,36-5-6,"en retrait du « malaise de la civilisation industrielle ». Le besoin de connaître les secrets du dynamisme des Etats-Unis traduit, à côté d'un espoir de développement, le désir d'échapper à un milieu « bloqué... « pré-industriels ». Toutefois, l'enseignement moderne en arabe, même s'il est médiocre, est suffisant pour provoquer des ruptures avec les anciennes habitudes de travail, et pour susciter le désir... instruire la population pour y puiser la main- d'œuvre et les cerveaux nécessaires ? Nous leur avons proposé, avec le monde moderne, notre façon de raisonner. Les Arabes, par leur langue qu'ils ont conservée",1958-8992
74,75,L'émigration de l'ex-Union soviétique : prémices et inconnues,article,1992,8-1,". Une autre caractéristique de cette nouvelle vague est le départ de la main-d'œuvre qualifiée (« fuite des cerveaux »), surtout en provenance des républiques européennes (85 % des émigrants potentiels... contraints de quitter les régions où ils forment une minorité nationale ; — l'émigration de la main-d'œuvre, surtout qualifiée, la « fuite des cerveaux » des républiques européennes à la suite de l'aggravation... ZAYONTCHKOVSKAIA Le développement probable de la migration de travail La fuite des cerveaux La crise économique que traversent actuellement toutes les républiques de l'URSS rend probable une émigration massive vers... la migration de la main-d'œuvre à laquelle s'attendent les experts soviétiques, ainsi que l'opinion soviétique, a les traits typiques de la fuite des cerveaux en provenance d'un pays pauvre, disposant néanmoins",1777-5418
75,76,"Congrès international des Africanistes, « Développement en général » (9 au 19 décembre 1973, Addis-Abeba)",article,1974,31-32,"des conditions de la production par la surexploitation des ressources natureUes, la surexploitation du travaU inteUectuel et manuel (fuite des cerveaux, migrations,...) ; c) L'aggravation des conditions de vie... sur le thème du Développement en général. Environ 300 délégués ont assisté à cette session dont 25 % d'africains (4,5 % seulement étant francophones) 22% d'européens, 7% de représentants des pays de l'Europe",2101-0226
76,77,"Repenser l’Atlantique. Commerce, immigration, sécurité, Dorval Brunelle (dir.), 2012, Bruxelles, Bruylant, 441 p.",article,2014,0,"d’ailleurs trois axes de réflexion – l’exclusion des pays du Sud, les effets de transfert d’argent et la fuite des cerveaux – qui permettent d’analyser systématiquement les effets sociaux... – l’ensemble des valeurs partagées par les pays situés sur les deux rives de l’Atlantique Nord : les États-Unis et dans une certaine mesure le Canada, d’un côté, et l’Europe atlantique",1703-7891
77,78,La mémorisation des flashes télévisés,article,1980,46,"Les flashes télévisés les mieux mémorisés sont ceux qui ont le plus captés l'attention. On pense que le cerveau droit semble être le responsable de la partie créatrice de l'intelligence... et que le cerveau gauche assure au contraire la pensée analytique et logique. Il devenait donc tentant d'étudier, pour une plus grande efficacité des spots publicitaires télévisés, à quelle partie du cerveau..., de l'attention et de la perception, sont presque tous unanimes à reconnaître que chacun des deux hémisphères du cerveau exerce une fonction distincte. L'hémisphère gauche joue un rôle prédominant dans la formation... effectuée avec l'aide de sa secrétaire : il enregistre l'activité électrique engendrée dans son cerveau, d'abord pendant qu'elle parcourt un magazine, ensuite tandis qu'elle regarde trois flashes télévisés... l'activité électrique du cerveau et la mémorisation de la publicité présente pour l'industrie publicitaire un intérêt tout particulier pour plusieurs raisons. Ayant constaté, en premier lieu, qu'une attention",1778-7459
78,79,Présentation du numéro,article,2013,0,"en Afrique francophone : l’éclairage des enquêtes biographiques récentes », Cahiers québécois de démographie , 33, 2 : 161-165. Cervantes , M. et C. Guellec . 2002. « Fuite des cerveaux : mythes anciens... Nord et Sud , Paris, Karthala/IRMC : 4-30. Meyer , J.-P. et J. Charum . 1995. « La fuite des cerveaux est-elle épuisée ? Paradigme perdu et nouvelles perspectives », Cahier des sciences humaines... qui sera en Europe, puis dans différentes régions du monde, la première étape d’un long processus aujourd’hui généralisé et communément appelé le processus de Bologne 2 . Ce processus",1705-1495
79,80,Economie politique de la croissance,dossier thématique,1999,50-3,Survey Eu ropean Economic Review 36 757-763 497 Revue économique vol 50 mai 1999 489-497 Croissance redistribution et inégalités dans un modèle de fuite des cerveaux Frédéric Docquier Hillel Rapoport... des pays origine des migrants no tamment lorsque la composition des flux migratoires est biaisée au profit des plus qualifiés phénomène communément désigné sous le terme de fuite des cerveaux Dans un premier... temps la position traditionnelle de Bhagwati et Hämada 1974] assimilant la fuite des cerveaux une extemalité négative imposée la population restante est sortie renforcée des premières contributions,1950-6694
80,81,"Bernard Chavance (sous la dir.), Les incertitudes du grand élargissement. L'Europe centrale et balte dans l'intégration européenne",compte-rendu,2004,35-3,"Bernard Chavance (sous la dir.), Les incertitudes du grand élargissement. L'Europe centrale et balte dans l'intégration européenne... - et leur dynamique. 204 Revue des livres Les effets de l'élargissement sur la répartition entre gagnants et perdants et sur la mobilité sociale ascendante et descendante paraissent incertains. Une fuite des cerveaux...Revue des livres 203 Bernard Chavance (sous la dir.), Les incertitudes du grand élargissement. L'Europe centrale et balte dans l'intégration européenne, L'Harmattan, collection ""Pays de l'Est"", Paris... de la diversité des nouveaux adhérents de l'Europe centrale et balte (destinés à devenir une périphérie ou à s'intégrer au noyau commun, au style propre de l'Europe communautaire ?) qui n'est pas moindre que celle",2259-6100
81,82,Mobilité internationale étudiante et insertion professionnelle : parcours différenciés de migrants congolais en Belgique,article,2013,0,", ainsi que les enjeux liés à la fuite des cerveaux, desservant des pays du Sud en manque de compétences pour contribuer au développement, conduisent à s’interroger sur les projets... étrangers (Latrèche, 2001). Une autre question associée au thème de la mobilité des étudiants étrangers est celle de la fuite des cerveaux, ou de la perte des élites intellectuelles... », Revue européenne des migrations internationales, 23, 1 : 139-161. Gaillard, A.-M. et J. Gaillard . 2002. « Fuite des cerveaux, circulation des compétences et développement : un enjeu politique",1705-1495
82,83,"Abusharaf R. M., 1997 -Sudanese migration to the New World. International migration, pp. 513-536",compte-rendu,1999,52-205,"travaillèrent à la construction du premier barrage d' Assouan en 1 898. Depuis les années 1950, de nouveaux courants sont apparus. La guerre civile, qui éclata en 1 955, amena la fuite d'autochtones (du Sud) vers... dénombrement n'avait été fait au Tchad et au Kenya. A la suite de la reprise de la guerre en 1983, la fuite des populations s'amplifia : 350 000, estime-t-on en 1995. A partir de 1974, les Etats pétroliers... des physiciens, ingénieurs, professeurs d'université et instituteurs, soit une véritable émigration des cerveaux. Mais le gouvernement de Khartoum ayant soutenu l'Iraq durant la Guerre du Golfe, ces Etats",1961-8603
83,84,La migration arménienne vers Paris et sa région dans la période 1988-2004,article,2007,1265,"par la guerre avec l'Azerbaïdjan, le blocus (1991-1996) et la migration des ""faux touristes"". • Les événements relatifs au cessez-le-feu au Karabagh, à l'ouverture des frontiè¬ res, à la ""fuite des cerveaux... de survie est angoissante. Etant donné les lacunes des références bibliographiques sur la ""fuite des cerveaux"", nous avons multiplié les entretiens. Avant de venir en France, la personne interviewée... à des formes de démission au travail, puis au désir grandissant d'aller tenter sa chance ailleurs. Les chercheurs sont démora¬ lisés face à la dégradation de la qualité de vie, qui entrave également le dévelop",2262-3353
84,85,L’affaire du cerveau. Quelques remarques sur le rôle de l’encéphale dans la médecine chinoise,article,2006,25,"La place et le rôle du cerveau dans la médecine chinoise sont relativement marginaux par rapport à d’autres organes tels que les reins et, plus encore le coeur, considéré comme le siège des fonctions... supérieures. Sont successivement examinées les conceptions chinoises relatives au cerveau, la rencontre avec la théorie médicale occidentale sur la mémoire, l’encéphale et le système nerveux exposée à la fin...L’affaire du cerveau. Quelques remarques sur le rôle de l’encéphale dans la médecine chinoise... Contemporary China, Ann Arbor : Center for Chinese Studies, University of Michigan, 1987, p. 120. L’affaire du cerveau. Quelques remarques sur le rôle de l’encéphale dans la médecine chinoise Frédéric Obringer... * Cherchez le cerveau dans un traité médical chinois, vous aurez du mal à le localiser. Les autres organes sont là, coeur, poumon, rein, foie ou rate… et même certains plus virtuels que réels, et plus... uniquement au cerveau (nao 腦 ). Celui-ci est relégué, dans la vision globale du corps humain et de son fonctionnement, au rang secondaire d’ «organe extraordinaire » (jiheng zhi fu 奇 恆 之 腑 ). Cette situation",1983-2011
85,86,"L'enseignement supérieur en Chine [Higher Education in Post-Mao China, sous la direction de Michael Agelasto and Bob Adamson]",compte-rendu,1998,48,"du développement des programmes, du fossé des générations et de la fuite des cerveaux, de la lente et laborieuse intégration des chercheurs chinois à la communauté scientifique mondiale, du programme de chercheurs... contributeurs travaillant à Hong Kong, aux Etats Unis, en Europe, en Chine et à Taiwan, avec un goût très prononcé pour l'accumulation de données empiriques. Même si certains sujets n'ont pu être couverts, comme",1996-4609
86,87,"Cohen, Robert B., et al, (eds.) «The Multinational Corporation : A Radical Approach », Papers by Stephen Herbert Hymer, 1979, Cambridge University Press, 323 p.",article,1980,0,"et de l'assistance se décompose en cinq questions indépendantes touchant (a) les objectifs officiels d'assistance au développement, (b) l'élimination de la fuite des cerveaux, (c) la renégociation de la dette globale... s'avère la plus construc-tive. Au moyen d'études empiriques sur les États-Unis, l'Europe, le Japon et leurs relations respectives, il arrive à démontrer la nature de classes du système économique mondial",1703-7891
87,88,Conditions économiques et émigration des élites intellectuelles en Albanie,article,1997,23,"chercheurs et personnels techniques. 12 Voir ""Politika shkencore dhe e zhvillimit teknologjik"", in Shkenca dhe Zhvillimi Tektiologjik, Buletin informativ, n° 1, mars 1996. 13 L'expression ""fuite des cerveaux... la pression de la concurrence internationale et de la chute du pouvoir d'achat de la population peuvent expliquer en partie ce phénomène, mais la fuite des cerveaux a aussi pu contribuer à la baisse... leur ancien poste. De manière générale, la limitation de la ""fuite des cerveaux"" en Albanie passe très certainement par la définition préalable d'une politique de la formation et de la science",1777-5396
88,89,"Jean Domingo, Gérard Dorel, André Gauthier et, en conclusion, une interview de Bernard Stasi, Champagne-Ardenne : une région à la recherche de son identité, 1987",compte-rendu,1990,77-78,"la reconversion des vieilles 104 régions industrielles, souhaite ""non seulement mettre fin à la fuite des cerveaux, mais aussi attirer chez nous des cerveaux venus d'ailleurs"" (p. 132) et considère que ""l'unité...), mais soulignent aussi ses atouts (voie de passage, lieu de rencontres, bonne situation dans l'Europe du Marché commun, proximité de Paris). Replacée dans l'ensemble national, la Champagne-Ardenne fait plutôt bonne... de la région : l'échelle de l'Europe pour quelques-uns, l'échelle de la France pour certains, l'échelle du ""pays"" ou de la ville pour beaucoup.",2613-2737
89,90,"Trois notes sur les fondements du complexe de Primarette. Loups-garous cauchemars, prédations et graisses",article,2002,30-1-3,"du cerveau que le cauchemar (chauchevieille) : la cataplexie se rencontre avec la paralysie du sommeil. Cet état du cerveau est encore vécu par les sujets selon un modèle, de type chamanique, de prédation... d'Europe et les différents Nak'aq, Lik'isiri, de l'Amérique andine, la prédation sur l'humain s'exerce ici et là-bas selon deux conceptions ontologiquement différentes : pour le Quechua et l'Aymara... et les conséquences concrètes de ses fantasmes en cognition sociale. Il se peut aussi que certains anthropologues comportementalistes, et même mentalistes de nos amis, soient aussi allergiques au cerveau... humain, que certains de nos amis naturalistes ont le dégoût pour les études sur les cerveaux des animaux. Le troisième point apportera des précisions historiques qui laissent le dossier technique graisse... -ancrage suggéré tout spécialement à partir du concept de prédation. Prédation sur les vivants et les morts -ici le loup, ailleurs, nous le verrons, les conquistadores — vécue en état de vigilance du cerveau",2419-8676
90,91,"Hommes et Migrations, n°1155, juin 1992. Migrations Est-Ouest.",numéro,1992,,", par exemple, ne pas profiter de l'écroulement des économies de l'Est pour en tirer quelques avantages subsidiaires. L'attitude des Occidentaux face à la fuite des cerveaux, véritable hémorragie des forces vives... LA FUITE 1 Cela a conduit les sociologues sovié¬ tiques à inventer la notion d'""exode des cerveaux intérieur"" : la partie la plus instruite et la plus créative de la population quittant les domaines... touchés par la fuite des cerveaux sont la physique des solides, la physique théorique, la physique nucléaire, l'informatique mathématique, la biotechnologie, la biologie moléculaire et la chimie organique",2262-3353
91,92,Corpus issus du Web : constitution et analyse informationnelle,article,2003,1,"associer à nos traitements. 2.3 Constitution du corpus Notre expérimentation a porté sur cinq cas distincts de recherche d’informations de type locatif : voyage au Tibet, fuite des cerveaux vers les États... du nombre de pages accessibles. Tableau 1 Structure des requêtes CORPUSEXEMPLESSTRUCTURE ET NOMBRE D’ÉLÉMENTSNOMBRE DE REQUÊTES FUITE cerveaux partant aux États-UnisX1(2) X2(20) Prep(31) Y(8)9 920fuite... que des pages journalistiques ou économiques en ce qui concerne la fuite des cerveaux en Californie, alors qu’on ne pourra éviter la multitude de pages à caractère touristique dans le cas du thème concernant",1705-4591
92,93,"La fuite de l'escudero (Lazarillo de Tormes, Tratado III)",article,1975,77-3-4,"La fuite de l'escudero (Lazarillo de Tormes, Tratado III)...VARIETES LA FUITE DE L'ESCUDERO (Lazarillo de Tormes, Tratado III) On se rappelle comment le petit Lazare est abandonné par Yescudero à la fin du Tratado III et le commentaire dont le picaro assortit... la fuite de son maître : Así, como he contado, me dejó mi pobre tercero amo, do acabé de conoscer mi ruin dicha, pues, señalándose todo lo que podría contra mí, hacía mis negocios tan al revés, que los amos",1775-3821
93,94,Lignes de fuite. La Bête humaine évadée du naturalisme,article,2004,126,"Lignes de fuite. La Bête humaine évadée du naturalisme... de la Pléiade, p. 1041-1046. Sur le point de céder au désir, Jacques est pris d'une pulsion de meurtre et il doit s'enfuir pour ne pas poignarder Flore Brazier. Une autre errance importante sera signiflcativement... normative, au désir collectif de renforcement du contrôle social. Elle exprime tout autant une fascination, malgré tout, pour le vagabond, pour l'errant mû par une de ces «forces» dont Zola est friand... de meurtre, elle le force à ouvrir les yeux sur son désir. Cette fonction complète le mécanisme de projection/introjection qui parcourt tout le roman40, et apparaît dans ce texte précis selon plusieurs",1957-7958
94,95,Entre fuite et combat. Parcours en littérature de jeunesse,article,1993,9,"Entre fuite et combat. Parcours en littérature de jeunesse... en dehors de sa famille : un jeune handicapé, son chat Garfunkel (encore un animal qui pallie l’absence de communication). Est-ce le désir d’établir une nouvelle famille, plus conforme à ses voeux...Christian LOOCK ENTRE FUITE ET COMBAT PARCOURS EN LITTERATURE DE JEUNESSE Le lecteur adulte qui est amené à lire régulièrement des romans de littérature de jeunesse ne peut qu’être frappé... de L '' Ile au Trésor. PARCOURS EN LITTERATURE DE JEUNESSE 43 qualités rêvées, mais ressemblent en même temps trait pour trait aux vrais parents. C’est la période de l''enfant trouvé, caractérisée par la fuite",2118-724
95,96,"Carmen Castillo, Ligne de fuite",compte-rendu,1988,1117,"Carmen Castillo, Ligne de fuite... : ""Je suis en France, Française"". Son témoignage pèche par déses¬ poir. Elle a perdu confiance en elle-même et en son pays ; mais celui-ci est resté vivant, les der¬ niers événements le prouvent. Usée, vidée...Carmen CASTILLO Ligne de fuite (Carmen Castillo est chilienne, exilée en France depuis que son compagnon, un leader de l'oppo¬ sition au régime de Pinochet, a été abattu par la gestapo chilienne..., en 1 974. Elle a alors été blessée et ar¬ rêtée ; enceinte, elle fut libérée sous la pression de la solidarité in¬ ternationale et évacuée en Europe. Son enfant mourut un mois après la naissance. Terrible itinéraire",2262-3353
96,97,Lecture de plusieurs lettres et adresses sur la fuite du roi,dossier thématique,1887,27,"Lecture de plusieurs lettres et adresses sur la fuite du roi.... Le désir de l’Assemblée de nous faire transporter d’un bout du royaume à l’autre, a été un ordre pour nous ; mais, lorsque nous avons accepté cette mission, nous avons cru être plus utiles à notre patrie..., qui, dans de telles conjonctures, respirent le zèle, l'é¬ nergie et le patriotisme. M. d’André. Cet envoi est inutile, les adresses des départements seront insérées dans les procès-verbaux, qui apprendront à l’Europe",1875-2012
97,98,Géographie de la population : parcours d’une branche de la géographie,article,2010,0,"pays industrialisés et la circulation grandissante des élites dont la fuite des cerveaux. (Gildas, 2002 :3) Ce système migratoire mondial amène de nouvelles formes migratoires autrefois presque absentes... de la population, les pressions démographiques sur l’environnement, les changements dans les régimes de fécondité et dans les familles, les migrations rurales-urbaines, l’urbanisation, la fuite des cerveaux ( brain..., s’amorce une activité intense de recherche dans ce domaine, que ce soit en Europe, en Amérique du Nord, en ex-URSS ou dans certains pays du Tiers-Monde. Les travaux de recherche traitent de sujets variés",1708-8968
98,99,L'émigration de l'ex-Union soviétique : prémices et inconnues,article,1991,7-3,"contraints de quitter les régions où ils forment une minorité nationale ; — l'émigration de la main-d'œuvre, surtout qualifiée, la « fuite des cerveaux » des républiques européennes à la suite de l'aggravation... ZAYONTCHKOVSKAIA Le développement probable de la migration de travail La fuite des cerveaux La crise économique que traversent actuellement toutes les républiques de l'URSS rend probable une émigration massive vers... la migration de la main-d'œuvre à laquelle s'attendent les experts soviétiques, ainsi que l'opinion soviétique, a les traits typiques de la fuite des cerveaux en provenance d'un pays pauvre, disposant néanmoins",1777-5418
99,100,Quelques aspects du vieillissement du noyau cellulaire,article,1976,3-1,"Résumé. On a examiné, par la méthode de Rigler (1966), la thermodénaturation de la chromatine dans l'écorce du cerveau, du cervelet et du foie de rats jeunes et vieux. Les résultats montrent... qu'il y a une stabilisation qui se manifeste, dans le cerveau, à chaque température analysée et dans le cervelet et le foie aux températures de dénaturation de l'ADN libre ou lié aux protéines non-histoniques. Même les... S/D = ■ as — a \ as / S 3,313 D Fluorescence des noyaux de contrôle en assumant que l'ADN est complètement en double hélice. Par cette méthode, nous avons étudié la thermo-dénaturation de la chromatine dans le noyau de l'écorce du cerveau...-histoniques ; 3) et 4) à 72° С et à 82° С respectivement, de l'ADN lié aux histones. Dans le cerveau, on peut voir qu'il y a une différence dans la courbe de thermo-dénaturation en fonction de l'âge. En effet..., il n'y a pas de différences, ce qui peut être interprété de la même façon que pour le cerveau, c'est-à-dire avec une couverture d'ADN libre par des protéines non-histoniques. Il est important de remarquer que la chromatine",1777-5469
