issn,nom_clt,nb_numeros,nb_document,pre_année_pub,der_année_pub,discpline,editeur
2262-3353,Hommes & Migrations,180,4523,1987,2008,"démographie, science politique",Musée de l'Histoire de l'Immigration
1950-6694,Revue économique,320,6776,1950,2002,économie,SciencesPo
1783-1768,Revue Philosophique de Louvain,441,12292,1894,2015,philosophie,Peeters
1957-7966,Population,320,12794,1946,2004,démographie,INED (Institut national d’études démographiques)
1777-5418,Revue Européenne des Migrations Internationales,49,814,1985,2001,démographie,MSH Poitiers
1950-6678,Vingtième Siècle. Revue d'histoire,72,3370,1984,2001,histoire,Presses de Sciences Po
1778-7459,Communication & Langages,174,3039,1962,2008,"linguistique, sciences de l'information et de la communication, sociologie",NecPlus
1782-1517,Revue d'économie du développement,31,203,1993,2001,Economie,De Boeck Supérieur
1963-1359,Revue Tiers Monde,181,5775,1960,2006,"économie, science politique",Armand Colin
2275-5195,Bulletin de l'Association de Géographes Français,445,3746,1924,2012,"géographie, science de l'environnement",Association de Géographes Français
1777-5469,Bulletins et Mémoires de la Société d'Anthropologie de Paris,289,7029,1864,1999,"anthropologie, archéologie (mondes anciens)",Société d'anthropologie de Paris
2104-3752,Espace Populations Sociétés,58,1311,1983,2003,"géographie, démographie",Université des sciences et techniques de Lille
1958-5691,Revue française de sociologie,184,4287,1960,2002,sociologie,Ophrys
1958-8992,Politique étrangère,314,8612,1936,2005,science politique,Institut Français des Relations Internationales
1703-7891,Études internationales,192,242,1970,2019,"Droit, Économie, Sciences politiques",Institut québécois des hautes études internationales
2540-2544,Revue des Études Anciennes,283,11655,1899,2003,"arts, études classiques, histoire",Presses Universitaires de Bordeaux
1492-1405,Études françaises,161,216,1965,2019,Études littéraires,Les Presses de l’Université de Montréal
1708-9069,Études littéraires,135,186,1968,2020,Études littéraires,"Département de littérature, théâtre et cinéma de l’Université Laval"
1710-0305,Tangence,85,113,1992,2019,Études littéraires,Tangence
2105-2956,Quaderni,64,861,1987,2008,science politique,Éditions de la MSH
2117-718,Revue des Études Slaves,183,3864,1921,2012,études des grandes aires culturelles,Institut d'études slaves
2111-4412,Chimères. Revue des schizoanalyses,57,941,1987,2006,"Anthropologie, Philosophie, Psychologie, Science politique, Sociologie",Association Chimères
1705-4591,Revue québécoise de linguistique,44,67,1981,2003,Études des langues,Université du Québec à Montréal
2259-6100,Revue d'études comparatives Est-Ouest,149,1800,1970,2008,"économie, science politique",NecPlus
2613-2702,Horizons Maghrébins - Le droit à la mémoire,48,1620,1984,2010,"Anthropologie, Arts (Histoire de l'art, Architecture), Littérature",Presses Universitaires du Midi
1705-6225,Recherches sociographiques,162,222,1960,2019,Sociologie,"Département de sociologie, Faculté des sciences sociales, Université Laval"
2513-6119,Espace Temps,52,1003,1975,2005,"géographie, science de l'environnement",Association Espace Temps
2102-5924,Communications,105,1655,1961,2019,"science politique, science de l'information et de la communication, sociologie",Le Seuil
1705-6500,Cinémas,58,87,1990,2018,Arts,Cinémas
1958-5926,Littérature,140,1891,1971,2005,"arts (histoire de l'art, architecture), littérature",Armand Colin
1703-7921,Anthropologie et Sociétés,119,163,1976,2019,Anthropologie et ethnologie,Département d’anthropologie de l’Université Laval
2105-2581,Économie rurale,263,3329,1949,2004,"économie, sociologie",Societé française d'économie rurale
1953-8111,Revue internationale de droit comparé,274,12914,1949,2016,droit,Société de législation comparée
1969-6981,Enfance,188,2040,1948,2000,"psychologie, science de l'éducation",Presses Universitaires de France
2107-0946,Formation Emploi,91,3714,1983,2005,"démographie, science de l'éducation, sociologie",La Documentation Française
2261-060,Revue des études byzantines,263,9328,1897,2014,études des grandes aires culturelles,Institut français d'études byzantines
1953-812,Revue de l'Art,60,1346,1985,1999,art,Éditions Ophrys
1996-4609,Perspectives Chinoises,108,1840,1992,2010,"démographie, science politique, sociologie",CEFC
1492-1391,Philosophiques,92,138,1974,2019,Philosophie,Société de philosophie du Québec
2261-4427,Annales de Normandie,343,3988,1951,2009,"études régionales, histoire",Centre de recherche d'histoire quantitative
1703-8480,Politique et Sociétés,65,90,1995,2019,Sciences politiques,Société québécoise de science politique
2101-0226,L'Homme et la société,91,2974,1966,2000,"anthropologie, démographie, sociologie",L'Harmattan
1705-1495,Cahiers québécois de démographie,95,139,1975,2018,Démographie,Association des démographes du Québec
1961-8603,Les Cahiers d'Outre-Mer,214,2585,1948,2001,géographie,Presses Universitaires de Bordeaux
1777-5396,"CEMOTI, Cahiers d'Études sur la Méditerranée Orientale et le monde Turco-Iranien",38,870,1985,2005,sciences politiques,Centre d'études et de recherches internationales (Paris).
2613-2737,Travaux de l'Institut de Géographie de Reims,73,664,1969,2007,géographie,Equipe de recherche Habiter (EA 2076).
2419-8676,Le Monde alpin et rhodanien. Revue régionale d’ethnologie,65,1114,1973,2005,"anthropologie, études régionales, histoire",Centre alpin et rhodanien d’ethnologie
1775-3821,Bulletin hispanique,324,7355,1899,2007,"étude des grandes aires culturelles, histoire",Presses universitaires de Bordeaux
1957-7958,Romantisme,127,3089,1971,2006,littérature,Armand Colin
2118-724,Spirale - Revue de recherches en éducation,69,1057,1989,2016,sciences de l'éducation,Association de pédagogie et de didactique de l'Ecole normale de Lille
1708-8968,Cahiers de géographie du Québec,174,237,1956,2018,Géographie,Département de géographie de l’Université Laval
2101-0382,Langage & société,95,1737,1977,1999,"linguistique, sociologie",Maison des Sciences de l'Homme
2105-2913,Revue française de pédagogie,153,3142,1967,2005,sciences de l'éducation,ENS éditions
1969-6582,Revue d'histoire des sciences,207,4093,1947,2006,histoire des sciences et des techniques,Armand Colin
1955-2580,L'Année psychologique,212,7026,1894,2008,"psychologie, science de l'éducation",Armand Colin
1705-9240,Recherches féministes,63,95,1988,2019,Études féministes,Revue Recherches féministes
1703-9665,Lien social et Politiques,52,78,1994,2019,"Sciences politiques, Sociologie",Lien social et Politiques
1710-3991,L'Actualité économique,240,304,1955,2018,Économie,HEC Montréal
1760-7426,Revue de Géographie Alpine,366,5315,1913,2006,géographie,"Association pour la Diffusion
de la Recherche Alpine"
1918-7750,Scientia Canadensis,47,79,1985,2019,Histoire,CSTHA/AHSTC
2261-1010,Autres Temps,77,1437,1984,2003,"philosophie, religion et théologie, sociologie",Association Autre Temps
2497-7098,Les Annales de la Recherche Urbaine,101,2569,1978,2018,"arts (histoire de l'art, architecture), géographie, sociologie",Plan - Urbanisme - Construction – Architecture
1953-8146,Annales,334,14228,1929,2002,"histoire, économie",Éditions de l'EHESS
1776-3045,Revue d’Histoire Moderne & Contemporaine,362,7292,1899,2000,histoire,"Société d'histoire moderne et contemporaine, Editions Belin"
1492-1375,Sociologie et sociétés,100,150,1969,2018,Sociologie,Les Presses de l’Université de Montréal
1773-0201,Cahiers de la Méditerranée,66,801,1970,2000,,
1777-5809,Réseaux. Communication - Technologie - Société,126,1876,1983,2000,"sciences de l'information et de la communication, sociologie",La découverte
1775-3945,"Santé, Société et Solidarité",18,360,2002,2010,"économie, science politique",Institut de Recherche et Documentation en Économie de la Santé
1777-5795,Économie & prévision,181,1421,1971,2017,"économie, science politique, sociologie",INSEE
2647-8145,Annuaire international de justice constitutionnelle,34,1404,1987,2018,Droit,"Economica, Presses Universitaires d'Aix-Marseille"
1955-2564,Actes de la Recherche en Sciences Sociales,121,1477,1975,2003,"économie, histoire, science politique, sociologie",Le Seuil
2551-3761,Cahier Louis-Lumière,9,138,2003,2015,"arts (Histoire de l'art, Architecture), sciences de l'information et de la communication",Ecole nationale supérieure Louis-Lumière
1957-7850,Journal des Africanistes,124,2289,1931,2003,"anthropologie, études des grandes aires culturelles",Société des africanistes
1776-2936,L'Espace géographique,113,2566,1972,2000,"géographie, science de l'environnement",Belin
1773-0198,Revue d'économie industrielle,112,1424,1977,2005,économie,Éditions techniques et économiques
2119-4831,Politiques et Management Public,101,1377,1983,2007,"économie, science politique",Lavoisier
1952-4226,Matériaux pour l'histoire de notre temps,66,1461,1985,2005,histoire,Association des amis de la BDIC
2105-2573,Revue de l'histoire des religions,228,5550,1946,2004,"histoire, religion et théologie",Armand Colin
2117-590,XVII-XVIII. Revue de la Société d'études anglo-américaines des XVIIe et XVIIIe siècles,83,1309,1975,2011,études des grandes aires culturelles,Société des études anglo-américaines des XVIIe et XVIIIe siècles
2105-2948,Annuaire Français de Droit International,65,3163,1955,2014,"droit, science politique",CNRS Éditions
1777-5329,Revue d'Histoire du XIXe siècle - 1848,191,2769,1904,1999,Histoire,Société de 1848
1760-7388,Revue française d'économie,96,940,1986,2010,économie,Association Française d'Économie
2259-0285,Revue des Sciences Religieuses,281,7938,1921,2005,"études classiques, histoire, religion et théologie",Faculté de Théologie Catholique de Strasbourg
1777-5574,Economie et Statistique,685,4913,1946,2019,"économie, science politique, sociologie",INSEE
1777-5744,Revue d'économie financière,121,2693,1987,2012,économie,Association d'Économie Financière
1760-7256,Journal de la Société des Océanistes,89,2019,1945,2000,"anthropologie, études des grandes aires culturelles",Société des océanistes
2613-2958,Publications de la Société Linnéenne de Lyon,901,9194,1836,2015,"Science de l'environnement, Science de la Terre, Science de la vie",Société Linnéenne de Lyon
2262-0753,Les cahiers du GRIF,50,1865,1973,1997,"histoire, psychologie, sociologie",Groupe de recherche et d'information féministes
1950-6686,Revue française de science politique,281,5601,1951,2003,science politique,SciencesPo
1953-8138,Bibliothèque de l'École des chartes,224,16690,1840,2013,"études classiques, histoire",Société de l'École des Chartes
1969-6663,Comptes rendus des séances de l'Académie des Inscriptions et Belles-Lettres,683,25966,1857,2014,"archéologie, études classiques, histoire",Académie des Inscriptions et des Belles Lettres
2419-686,Bulletin de Minéralogie,434,6329,1878,1988,"Sciences de la Terre, Sciences de la vie, Littérature",Société Française de Minéralogie et de Cristallographie
2271-7005,Revue du Nord,325,7490,1910,2000,"archéologie (mondes anciens), études régionales, histoire",Université Lille 3
1488-9692,Circuit,74,104,1990,2019,Arts,"Circuit, musiques contemporaines"
2417-6516,"Albineana, Cahiers d'Aubigné",29,499,1988,2017,littérature,Association des amis d'Agrippa d'Aubigné
2272-9828,Caravelle. Cahiers du monde hispanique et luso-brésilien,88,3509,1963,2007,"anthropologie, histoire, littérature",Presses Universitaires du Mirail
1760-8546,Norois,181,3790,1954,2002,"études régionales, géographie, science de l'environnement",Presses universitaires de Rennes
1775-3864,Revue d'Histoire de la Pharmacie,399,13711,1913,2017,histoire des sciences et des techniques,Société d'histoire de la pharmacie
2507-0185,Revue d'Histoire des Textes,45,583,1953,2003,"études classiques, histoire, littérature",Institut de Recherche et d'Histoire des Textes
1764-7223,Sciences et Technologies de l'Information et de la Communication pour l'Éducation et la Formation,48,822,1994,2018,Science de l'éducation,"Le Mans Université, LIUM"
2295-9068,Revue belge de Philologie et d'Histoire,349,20852,1922,2017,"histoire, linguistique",Société pour le Progrès des Études Philologiques et Historiques
2496-7068,Annales du Midi,465,7669,1889,2014,"archéologie (mondes anciens), études classiques, histoire",Éditions Privat
1920-7344,Communication. Information Médias Théories,43,855,1975,1998,sciences de l'information et de la communication,Département d'information et communication de l'Université Laval
1492-1383,Revue d’histoire de l’Amérique française,277,350,1947,2019,Histoire,Institut d’histoire de l’Amérique française
1705-0065,Revue des sciences de l’éducation,136,181,1975,2019,Éducation,Revue des sciences de l’éducation
1777-5884,Annales de géographie,632,16093,1892,2006,"géographie, sociologie, science de l'environnement",Armand Colin
2547-5614,Hommes et Terres du Nord,129,2052,1963,2004,"études régionales, géographie",Société de Géographie de Lille
2105-2271,Revue des mondes musulmans et de la Méditerranée,72,2118,1966,1999,études des grandes aires culturelles,Presses universitaires de Provence
1776-2774,Annales de Démographie Historique,41,1811,1964,2001,"anthropologie, démographie, histoire",Société de Démographie Historique
1950-6899,Sociétés Contemporaines,35,749,1990,2000,"science politique, sociologie",SciencesPo
2275-5039,Bulletin Monumental,351,16295,1885,2016,"archéologie, arts, histoire",Éditions Picard
2108-6443,Annales de Bretagne et des pays de l'Ouest,296,4101,1902,2000,"archéologie (mondes anciens), études régionales, histoire",Presses universitaires de Rennes
1968-3758,Agora débats/jeunesses,42,2375,1995,2006,"démographie, science de l'éducation, science politique",Presses SciencesPo
1776-3061,Revue Française d'Études Américaines,69,2578,1978,2000,"arts (histoire de l'art, architecture), études des grandes aires culturelles",Belin
1960-601,Géocarrefour,263,4124,1926,2002,"géographie, science de l'environnement",Association des amis de la Revue de Géographie de Lyon
2272-7639,Pallas. Revue d'études antiques,55,668,1953,1999,"archéologie, histoire, littérature",Presses Universitaires du Midi
1777-537,Études rurales,102,2589,1961,1999,"anthropologie, histoire",Éditions de l'EHESS
2273-0257,Revue géographique des Pyrénées et du Sud-Ouest. Sud-Ouest Européen,257,3604,1930,2008,géographie,Presses Universitaires du Mirail
2264-7791,Cahiers de l'APLIUT,75,1908,1980,2000,"linguistique, science de l'éducation",Association des professeurs de langues des Instituts universitaires de technologie (l’APLIUT)
2111-4528,Culture & Musées,40,576,1992,2014,sciences de l'information et de la communication,"Actes Sud, Université d'Avignon"
1957-7842,Journal de la société des américanistes,107,5241,1895,2000,"anthropologie, études des grandes aires culturelles",Société des américanistes
1760-7892,Dix-Huitième Siècle,37,9590,1969,2005,"arts, histoire de l'art, histoire, littérature",Société Française d’Etude du Dix-Huitième Siècle
1777-5906,"Histoire, économie & société",100,1799,1982,2006,"économie, histoire , sociologie",Armand Colin
1492-1413,Théologiques,49,76,1993,2019,Théologie,Institut d’études religieuses de l’Université de Montréal
1703-8138,Relations industrielles / Industrial Relations,323,398,1945,2019,Relations industrielles,Département des relations industrielles de l’Université Laval
2109-9502,Revue d'histoire de l'Église de France,221,3850,1910,2000,"histoire, religion et théologie",Société d'histoire religieuse de France
1953-8286,Politix. Revue des sciences sociales du politique,65,1491,1988,2004,"science politique, sociologie",De Boeck
1960-6656,Pôle Sud,25,556,1994,2006,science politique,Observatoire des Politiques Publiques en Europe du Sud
1969-654,"Réforme, Humanisme, Renaissance",80,2172,1975,2014,,"Association d'étude sur l'Humanisme, la Réforme et le Renaissance"
2275-5160,Bulletin de l'Association Guillaume Budé,317,5269,1923,2016,"archéologie (mondes anciens), études classiques, littérature","Les Belles lettres, Association Guillaume Budé"
1777-5825,Archives de Sciences Sociales des Religions,134,14426,1956,1999,"anthropologie, religion et théologie, sociologie",Éditions de l'EHESS
1953-8103,Homme,136,5959,1961,1999,"anthropologie, science de l'environnement",Éditions de l'EHESS
2114-2203,Journal des anthropologues,51,1030,1979,1997,anthropologie,Association française des anthropologues
2647-8463,Nouvelle revue d'onomastique,33,1520,1983,2015,"histoire, linguistique",Société française d’onomastique
2496-7467,La Revue russe,40,766,1991,2013,"études des grandes aires culturelles, littérature",Institut d'études slaves
1960-6001,Mots. Les langages du politique,69,1791,1980,2002,"linguistique, science politique, science de l'information et de la documentation",ENS Éditions
1777-5647,Revue de l'OFCE,75,1381,1982,2000,économie,SciencesPo
1777-554,Critique internationale,9,376,1998,2000,"démographie, sociologie",Presses SciencesPo
1777-5876,L'Information Géographique,177,4630,1936,2005,"géographie, science de l'éducation",Armand Colin
2497-6784,Cahiers Edmond et Jules de Goncourt,23,842,1992,2016,"arts (histoire de l'art, architecture), histoire, littérature",Société des Amis des frères Goncourt
1957-7982,Langue française,152,1768,1969,2006,"arts (histoire de l'art, architecture), linguistique",Armand Colin
2259-8863,Etudes irlandaises,67,2090,1976,2008,"études des grandes aires culturelles, histoire, littérature",Presses Universitaires de Rennes
1969-6779,Cahiers d'Économie Politique,31,728,1974,2001,"économie, science politique",L'Harmattan
1712-2139,Revue de l’Université de Moncton,26,41,2004,2018,Sciences humaines et sociales,Revue de l’Université de Moncton
2295-9076,L'Antiquité Classique,124,20273,1932,2014,"arts (histoire de l'art, architecture), études classiques, histoire",Association L'Antiquité classique
1960-6648,Mil neuf cent. Revue d'histoire intellectuelle (Cahiers Georges Sorel),18,464,1983,2000,"études classiques, histoire",Société d'études soréliennes
1777-5892,Médiévales,41,845,1982,2002,"études classiques, histoire, littérature",Presses Universitaires de Vincennes
1920-2954,Horizons philosophiques,34,52,1990,2007,Philosophie,Collège Édouard-Montpetit
2297-5810,Le Globe. Revue genevoise de géographie,165,4574,1860,2019,"géographie, science de l'environnement",Société de Géographie de Genève
1638-1580,Histoire Épistémologie Langage,99,1449,1979,2017,"histoire, linguistique",Société d'histoire et d'Épistémologie des Sciences du Langage
1775-383,Journal des Savants,487,5139,1909,2016,"arts (histoire de l'art, architecture), études classiques, histoire",Académie des Inscriptions et des Belles-Lettres
1760-7361,Bulletin de la Société préhistorique française,930,9438,1904,2017,"anthropologie, archéologie (mondes anciens)",Société préhistorique française
1955-2416,Recherches sur Diderot et sur l'Encyclopédie,26,953,1986,2002,littérature,Société Diderot
2427-9048,América. Cahiers du CRICCAL,41,1005,1986,2013,"littérature, étude des grandes aires culturelles",Presses Sorbonne Nouvelle
2613-2729,Géologie Méditerranéenne,85,794,1974,2001,"Sciences de la Terre, Sciences de la vie",Éditions de l'Université de Provence
2119-1026,Cahiers de Civilisation Médiévale,192,4980,1958,2007,"archéologie (mondes anciens), arts (histoire de l'art, architecture), histoire",Centre d’études supérieures de civilisation médiévale
2260-815,Monuments et mémoires de la Fondation Eugène Piot,116,914,1894,2015,"art, études classiques, histoire",Académie des Inscriptions et Belles-Lettres
2273-0311,Littératures,85,2079,1951,2009,Littérature,Presses Universitaires du Midi
2108-6478,Revue Géographique de l'Est,107,1348,1961,1998,"études régionales, géographie",Association des géographes de l'Est
2260-8079,Revue des Études Grecques,343,14260,1888,2016,études classiques,Association des Études Grecques
1969-6973,Droit et Société,38,1892,1985,2000,"droit, science politique, sociologie",Lextenso
2102-5940,Annuaire des Collectivités Locales,36,1463,1981,2016,"droit, science politique, sociologie",Université Paris 1 Panthéon Sorbonne
1965-0795,Quaternaire,129,1244,1964,2004,"géographie, science de l'environnement",Association Française pour l'Étude du Quaternaire
1958-9549,Langages,164,1644,1966,2006,linguistique,Armand Colin
1776-2944,Genèses. Sciences sociales et histoire,43,1256,1990,2000,"anthropologie, histoire, sciences politiques",Belin
2647-9982,Villes en Parallèle,38,677,1978,2018,Géographie,"Université Paris10-Nanterre, Laboratoire de géographie urbaine"
2613-2710,Débats Jeunesses,25,237,1996,2010,Sociologie,"Université Libre de Bruxelles, Département de Traduction et Interprétation"
2647-7300,Cahiers du Centre d’Études Chypriotes,45,667,1984,2016,"archéologie, arts (histoire de l'art, architecture), histoire",Association «Centre d'Etudes Chypriotes» {C}{C}{C}
2260-8478,Littératures classiques,60,1156,1979,2005,"Histoire, Littérature",Presses universitaires du Midi
2431-210,"NETCOM : Réseaux, communication et territoires / Networks and communication studies",42,687,1987,2006,"Géographie, Sciences de l'information et de la communication, Sociologie",Association NETCOM
1968-3936,Recherche & formation,50,1019,1987,2005,science de l'éducation,"ENS Éditions, Institut Français de l'Éducation"
1952-403,Annales historiques de la Révolution française,159,3626,1963,2008,histoire,Armand Colin
1777-5701,Sociologie du travail,159,2357,1959,1998,Sociologie,Association pour le développement de la sociologie du travail
1783-1830,Vita Latina,74,854,1989,2017,études classiques,Les Belles Lettres
2946-7564,Revue Juridique de l'Ouest,194,2905,1973,2018,droit,Institut de l'Ouest : Droit et Europe
2540-3494,Bulletin de la Société nationale des Antiquaires de France,63,4262,1945,2016,"Archéologie, Arts (Histoire de l'art, Architecture), Histoire",Société nationale des Antiquaires de France
2490-7944,Revue des politiques sociales et familiales,124,1665,1985,2019,"économie, science politique, sociologie",CNAF
2425-2042,Pratiques,111,1066,1974,2007,"Linguistique, Science de l'éducation",CREM (Centre de Recherche sur les Médiations)
1777-5353,Cahiers d'Études africaines,130,3102,1960,1999,"anthropologie, étude des grandes aires culturelles, histoire",Éditions de l'EHESS
2111-4552,Arts Asiatiques,68,1301,1962,2019,"archéologie (mondes anciens), arts (histoire de l'art, architecture), étude des grandes aires culturelles",École france d'Extrême-Orient
2513-6097,Revue Européenne de Droit de l’Environnement,50,951,1997,2009,"droit, science de l'environnement",Centre International de Droit Comparé de l'Environnement (C.I.D.C.E.)
2275-4776,GAIA. Revue interdisciplinaire sur la Grèce ancienne,19,448,1997,2017,"archéologie (mondes anciens), études classiques, histoire",Éditions littéraires et linguistiques de l'université de Grenoble (ELLUG)
2118-9692,LINX,43,578,1979,1997,linguistique,Université Paris Ouest La Défense
1955-270,Dialogues d'histoire ancienne,93,2667,1974,2018,"archéologie (mondes anciens), études classiques, histoire",Institut des sciences et techniques de l'Antiquité
1760-737,Bulletin de l'École française d'Extrême-Orient,118,3784,1901,2018,"archéologie (mondes anciens), étude des grandes aires culturelles, histoire",École française d'Extrême-Orient
1760-8538,Méditerranée,141,2053,1960,2004,"géographie, science de l'environnement",Presses universitaires de Provence
1492-1367,Criminologie,88,133,1975,2019,"Droit, Sociologie",Les Presses de l’Université de Montréal
2117-6809,Actes des congrès de la Société des historiens médiévistes de l'enseignement supérieur public,38,765,1970,2007,histoire,Publications de la Sorbonne
1783-8401,Revue Théologique de Louvain,176,7882,1970,2013,"religion et théologie, arts (histoire de l'art, architecture), études classiques,",Publications de l'Université catholique de Louvain
2296-4096,Déviance et société,96,1095,1977,2000,"démographie, psychologie, sociologie",Médecine et Hygiène
2117-539,Antiquités africaines,47,638,1967,2015,"archéologie (mondes anciens), études des grandes aires culturelles, histoire","CNRS Éditions, Centre Camille Jullian"
2102-5452,Histoire de l'éducation,68,1474,1978,1999,science de l'éducation,Institut Français de l'Éducation
1777-5388,Cahiers du Monde Russe,128,2104,1959,1999,"arts, étude des grandes aires culturelles, histoire",Éditions de l'EHESS
2275-4954,Outre-Mers. Revue d'histoire,205,6997,1931,2014,"études des grandes aires culturelles, histoire",Société française d’histoire des outre-mers
2647-7572,Gazette des archives,250,4338,1933,2017,"histoire, Sciences de l'information et de la communication",Association des archivistes français
2429-9499,Arzanà. Cahiers de littérature médiévale italienne,16,172,1992,2013,littérature,"Centre d’études et de recherches sur la littérature italienne du Moyen Âge (CERLIM), Presses Sorbonne Nouvelle"
2108-7105,"Extrême-Orient, Extrême-Occident",30,291,1982,2007,étude des grandes aires culturelles,Presses universitaires de Vincennes
2101-0420,"Paléo, Revue d'Archéologie Préhistorique",18,361,1989,2000,"archéologie (mondes anciens), arts (histoire de l'art, architecture), histoire",Societé des amis du Musée national de Préhistoire et de recherche
1791-7077,Mètis. Anthropologie des mondes grecs anciens,15,229,1986,1998,"anthropologie, archéologie (mondes anciens), études classiques, histoire","Éditions EHESS, Daedalus (Athènes)"
1918-8218,Les Cahiers de droit,214,280,1954,2019,Droit,Faculté de droit de l’Université Laval
2613-277,"Sciences Géologiques, bulletins et mémoires",242,1759,1920,1999,Sciences de la Terre,"Université Louis Pasteur de Strasbourg, École et Observatoire des Sciences de la Terre"
2117-6272,Cahiers d'Extrême-Asie,27,642,1985,2018,"anthropologie, arts (histoire de l'art, architecture), études des grandes aires culturelles, histoire",Éditions de l'École française d'Extrème-Orient
2608-4228,Archéologie médiévale,28,5549,1971,1999,Archéologie,CNRS Éditions
1957-7745,Histoire & Mesure,34,763,1986,2000,"histoire, histoire des sciences et des techniques",Éditions de l'EHESS
1951-6207,Revue archéologique du Centre de la France,91,1881,1962,2004,archéologie (mondes anciens),Laboratoire Archéologie et Territoires (UMR 6173 CITERES)
2076-8435,"Syria. Archéologie, Art et histoire",184,4819,1920,2005,"archéologie (mondes anciens), arts (histoire de l'art, architecture), histoire",Institut français du Proche-Orient
2104-3655,Archipel,87,2049,1971,2014,"arts (histoire de l'art, architecture), étude des grandes aires culturelles, histoire",Éditions de la FMSH
2104-3914,Revue archéologique de Picardie,136,1910,1971,2014,archéologie (mondes anciens),Société archéologique de Picardie
2420-6466,Mémoires de l'Institut de France,67,593,1821,1975,"art, études classiques, histoire",Académie des Inscriptions et Belles-Lettres
2431-1766,Caliban,43,716,1964,2005,"Arts (Histoire de l'art, Architecture), Littérature",Presses Universitaires du Midi
2076-8443,Cahiers de l'AIEF,60,1502,1951,2011,"arts (histoire de l'art, architecture), histoire, litérature",Association Internationale des Études Françaises
2118-4496,Psychologie clinique et projective,42,784,1952,2000,psychologie,Éditions Érès
2437-2226,Journal d'agriculture traditionnelle et de botanique appliquée,454,4048,1921,2000,"géographie, histoire des sciences et des techniques, science de l'environnement",Museum National d’Histoire Naturelle
1963-1693,Revue Numismatique,60,2214,1958,2017,"archéologie (mondes anciens), histoire",Société française de numismatique
1957-777,"Géomorphologie : relief, processus, environnement",38,548,1995,2004,"géographie, science de l'environnement","CNRS
Groupe français de géomorphologie"
2000-2006,Les Cahiers du Gres,7,13,2000,2006,Sociologie,Groupe de Recherche Ethnicité et Société
2546-9002,Karstologia,58,1240,1983,2012,"géographie, sciences de l'environnement",Fédération française de Spéléologie et Association française de Karstologie
1923-5291,International Journal of Canadian Studies,10,16,2007,2012,Sciences humaines et sociales,Conseil international d’études canadiennes
1775-3856,Seizième Siècle,10,190,2005,2014,"arts (histoire de l'art, architecture), littérature",Société Française d'Étude du Seizième Siècle
2425-1941,Nouvelles de l'Archéologie,33,1361,1979,1988,Archéologie,Fondation de la Maison des sciences de l'homme
2391-1018,Romania,451,8381,1872,2014,"histoire, littérature",Société des amis de la Romania
1958-9557,FLUX Cahiers scientifiques internationaux Réseaux et Territoires,49,1036,1985,2000,"géographie, science de l'environnement",Métropolis
2189-1893,Ebisu - Études Japonaises,45,536,1993,2011,"anthropologie, arts, études des grandes aires culturelles",Maison franco-japonaise
1912-0362,Revue Gouvernance,27,43,2004,2019,"Sciences politiques, Sciences humaines et sociales, Sciences de la gestion",Centre d’études en gouvernance de l’Université d’Ottawa
1708-5268,Études Inuit Studies,26,43,2002,2018,Anthropologie et ethnologie,Centre interuniversitaire d’études et de recherches autochtones (CIÉRA)
2613-2699,Exils et migrations ibériques au XXe siècle,11,229,1992,2012,"Histoire, Linguistique, Littérature","CERMI (Centre d’études et de recherches sur les migrations ibériques), Mare Nostrum"
1783-1601,L'information grammaticale,141,2362,1979,2013,linguistique,Peeters
1960-6176,"1895, revue d'histoire du cinéma",36,659,1986,2000,"arts (Histoire de l'art, Architecture), histoire",Association française de recherche sur l'histoire du cinéma
1777-5914,Sciences Sociales et Santé,105,1067,1982,2010,"économie, science politique, sociologie",John Libbey Eurotext
2272-9968,Les Dossiers des Sciences de l’Éducation,20,206,1999,2008,sciences de l'éducation,Presses Universitaires du Midi
2263-5947,Repères. Recherches en didactique du français langue maternelle,121,1497,1969,2007,"linguistique, littérature, science de l'éducation","ENS Éditions, Institut Français de l'Éducation"
2647-7270,Cahiers slaves,13,294,1997,2016,étude des grandes aires culturelles,Université Paris-Sorbonne
2077-0820,Annales d'Éthiopie,31,627,1955,2016,"archéologie (mondes anciens), étude des grandes aires culturelles, histoire",Éditions De Boccard
1957-701,Paléorient,81,1407,1973,2017,"archéologie (mondes anciens), études des grandes aires culturelles, histoire",CNRS Éditions
2391-1387,Cahiers Saint-Simon,44,924,1973,2016,"littérature, histoire",Société Saint-Simon
1703-8804,Laval théologique et philosophique,198,273,1945,2019,"Philosophie, Théologie","Faculté de philosophie, Université Laval"
2268-1590,Genesis (Manuscrits-Recherche-Invention),29,463,1992,2008,littérature,"Institut des Textes et Manuscrits Modernes (ITEM, CNRS-ENS), Presses de l’Université Paris-Sorbonne (PUPS)"
2117-5624,Cahiers du Centre Gustave Glotz,23,430,1991,2013,"archéologie (mondes anciens), études classiques, histoire",Anthropologie et Histoire des Mondes Antiques (ANHIMA)
1960-6664,Recherches en anthropologie au Portugal,10,272,1989,2004,anthropologie,Gap-MSH Paris
1712-6274,Journal of the Canadian Historical Association,41,70,1990,2018,Histoire,The Canadian Historical Association / La Société historique du Canada
1775-3732,Revue Archéologique de l'Ouest,21,486,1984,2005,archéologie (mondes anciens),Presses Universitaires de Rennes
2241-0104,Bulletin de Correspondance Hellénique,199,5047,1877,2014,"archéologie (mondes anciens), études classiques, histoire",École française d'Athènes
2496-7114,Topoi. Orient-Occident,46,1359,1991,2015,"archéologie (mondes anciens), études classiques, histoire",Société des Amis de la bibliothèque Salomon-Reinach
2647-7556,Gazette du livre médiéval,61,1066,1982,2017,"archéologie, histoire",Association des Amis de la Gazette du livre médiéval
2005-2017,Intersections,23,36,2005,2017,Arts,Canadian University Music Society / Société de musique des universités canadiennes
1918-7475,Nouvelles perspectives en sciences sociales,28,43,2005,2019,Sciences humaines et sociales,Prise de parole
2109-9642,Gallia Préhistoire,116,956,1958,2014,"archéologie (mondes anciens), arts (histoire de l'art, architecture), histoire",CNRS Éditions
2109-9588,Gallia,104,1497,1943,2009,"archéologie (mondes anciens), arts (histoire de l'art, architecture), histoire",CNRS Éditions
2117-5683,Revue archéologique de Narbonnaise,49,886,1968,2016,archéologie (mondes anciens),Presses universitaires de la Méditerrannée
2117-6973,Archaeonautica,18,219,1977,2014,"archéologie (mondes anciens), études classiques, histoire",CNRS Éditions
1977-2007,Géographie physique et Quaternaire,87,118,1977,2007,"Géographie, Sciences de la terre",Les Presses de l'Université de Montréal
1708-2307,Protée,38,52,1998,2011,"Arts, Études littéraires",Département des arts et lettres - Université du Québec à Chicoutimi
2419-1949,Mémoires présentés par divers savants étrangers à l’Académie,34,158,1844,1975,"archéologie, études classiques, histoire",Académie des Inscriptions et Belles-Lettres
2173-1306,Mélanges de la Casa de Velázquez,45,839,1965,1996,"arts (histoire de l'art, architecture), études des grandes aires culturelles, histoire",Éditions de la Casa de Velázquez
